{"stats":{"minecraft:broken":{"advancednetherite:netherite_diamond_leggings":1,"advancednetherite:netherite_diamond_helmet":1,"advancednetherite:netherite_diamond_boots":1},"minecraft:used":{"advancednetherite:netherite_diamond_sword":121,"third_life_plus:heart":1,"minecraft:stone_sword":5,"mutantmonsters:mutant_skeleton_spawn_egg":4,"minecraft:dirt":58,"scalinghealth:heart_crystal":141,"artifacts:umbrella":3,"minecraft:carrot":10,"mutantmonsters:mutant_creeper_spawn_egg":2,"mutantmonsters:spider_pig_spawn_egg":3,"mutantmonsters:mutant_enderman_spawn_egg":1,"mutantmonsters:creeper_minion_spawn_egg":3,"scalinghealth:power_crystal":64,"minecraft:bedrock":400,"minecraft:beef":2,"minecraft:enchanted_golden_apple":13,"minecraft:acacia_boat":1,"minecraft:leather_leggings":1,"minecraft:stone_pickaxe":51,"minecraft:wooden_pickaxe":7,"minecraft:yellow_terracotta":1,"minecraft:crafting_table":4,"scalinghealth:cursed_heart":64,"minecraft:melon_slice":8,"minecraft:bread":11,"minecraft:leather_helmet":1,"mutantmonsters:mutant_snow_golem_spawn_egg":2,"minecraft:stone_axe":80,"mutantmonsters:mutant_zombie_spawn_egg":2,"minecraft:cobblestone":8,"minecraft:acacia_pressure_plate":1,"minecraft:porkchop":3},"minecraft:killed_by":{"minecraft:creeper":1,"minecraft:warden":4,"minecraft:skeleton":1,"minecraft:zombie":3},"minecraft:crafted":{"minecraft:leather_leggings":1,"minecraft:stone_pickaxe":2,"minecraft:dark_oak_planks":12,"minecraft:crafting_table":2,"minecraft:wooden_pickaxe":1,"minecraft:stone_axe":1,"minecraft:acacia_boat":1,"minecraft:stick":8,"minecraft:acacia_planks":44},"minecraft:mined":{"minecraft:yellow_terracotta":2,"minecraft:acacia_log":11,"minecraft:grass_block":5,"minecraft:acacia_pressure_plate":1,"minecraft:iron_ore":2,"minecraft:stone":36,"minecraft:orange_bed":1,"minecraft:crafting_table":4,"minecraft:melon":10,"minecraft:cobblestone":2,"minecraft:tall_grass":9,"minecraft:grass":42,"minecraft:coal_ore":15,"minecraft:oak_log":9,"minecraft:dirt":2,"minecraft:cobweb":2,"minecraft:oak_leaves":4},"minecraft:custom":{"minecraft:interact_with_smithing_table":2,"minecraft:mob_kills":45,"minecraft:interact_with_crafting_table":8,"minecraft:damage_dealt_resisted":3143,"minecraft:leave_game":2,"minecraft:time_since_death":44,"minecraft:damage_resisted":3260,"champions:champion_mobs_killed":22,"minecraft:sprint_one_cm":165647,"minecraft:walk_one_cm":102731,"minecraft:damage_blocked_by_shield":138,"minecraft:drop":53,"minecraft:talked_to_villager":8,"minecraft:play_time":62476,"minecraft:deaths":10,"minecraft:sneak_time":2727,"minecraft:walk_under_water_one_cm":3334,"minecraft:boat_one_cm":24480,"minecraft:jump":1400,"minecraft:walk_on_water_one_cm":5861,"minecraft:total_world_time":62476,"minecraft:sleep_in_bed":3,"minecraft:time_since_rest":77,"minecraft:damage_taken":25826,"minecraft:damage_absorbed":1936,"minecraft:damage_dealt":48952,"minecraft:swim_one_cm":12480,"minecraft:fly_one_cm":451097,"minecraft:open_chest":5,"minecraft:crouch_one_cm":7854,"minecraft:fall_one_cm":32031},"minecraft:dropped":{"minecraft:wheat_seeds":3,"scalinghealth:cursed_heart":64,"mutantmonsters:creeper_minion_spawn_egg":64,"mutantmonsters:mutant_enderman_spawn_egg":64,"mutantmonsters:mutant_skeleton_spawn_egg":64,"minecraft:grass_block":1,"scalinghealth:power_crystal":64,"scalinghealth:heart_crystal":64,"minecraft:snowball":64,"advancednetherite:netherite_diamond_leggings":2,"minecraft:string":6,"mutantmonsters:mutant_creeper_spawn_egg":64,"minecraft:bone":3,"mutantmonsters:hulk_hammer":2,"advancednetherite:netherite_diamond_boots":2,"advancednetherite:netherite_diamond_helmet":2,"mutantmonsters:spider_pig_spawn_egg":64,"moretotems:stinging_totem_of_undying":16,"mutantmonsters:mutant_zombie_spawn_egg":64,"mutantmonsters:mutant_snow_golem_spawn_egg":64,"advancednetherite:netherite_diamond_chestplate":1,"advancednetherite:netherite_diamond_sword":1,"minecraft:arrow":1,"minecraft:wooden_pickaxe":2,"minecraft:egg":3},"minecraft:killed":{"minecraft:spider":1,"minecraft:skeleton":7,"minecraft:warden":2,"minecraft:pig":3,"minecraft:creeper":3,"minecraft:sheep":6,"minecraft:pillager":2,"minecraft:zombie":5,"mutantmonsters:mutant_zombie":1,"mutantmonsters:mutant_creeper":1,"minecraft:cow":12},"minecraft:picked_up":{"minecraft:crafting_table":5,"advancednetherite:netherite_diamond_sword":4,"artifacts:night_vision_goggles":1,"minecraft:leather_leggings":1,"mutantmonsters:creeper_minion_spawn_egg":126,"minecraft:sentry_armor_trim_smithing_template":2,"artifacts:umbrella":2,"minecraft:wooden_pickaxe":4,"mutantmonsters:mutant_enderman_spawn_egg":128,"minecraft:acacia_pressure_plate":1,"minecraft:enchanted_book":1,"minecraft:string":8,"artifacts:power_glove":3,"artifacts:feral_claws":3,"mutantmonsters:mutant_zombie_spawn_egg":127,"minecraft:bucket":2,"minecraft:beef":38,"minecraft:enchanted_golden_apple":174,"minecraft:melon_slice":112,"minecraft:egg":3,"minecraft:stick":6,"minecraft:raw_iron":2,"minecraft:acacia_log":25,"minecraft:porkchop":19,"advancednetherite:netherite_diamond_helmet":3,"mutantmonsters:mutant_snow_golem_spawn_egg":127,"minecraft:dark_oak_planks":24,"minecraft:orange_bed":3,"mutantmonsters:hulk_hammer":3,"minecraft:stone_sword":1,"minecraft:arrow":5,"minecraft:rotten_flesh":5,"artifacts:villager_hat":2,"mutantmonsters:spider_pig_spawn_egg":126,"artifacts:running_shoes":1,"minecraft:yellow_terracotta":2,"mutantmonsters:mutant_creeper_spawn_egg":127,"scalinghealth:power_crystal":64,"minecraft:mutton":17,"minecraft:snowball":97,"minecraft:white_wool":9,"minecraft:cobblestone":65,"minecraft:golden_carrot":192,"minecraft:leather":9,"minecraft:oak_log":7,"minecraft:gunpowder":3,"artifacts:cloud_in_a_bottle":3,"minecraft:acacia_boat":1,"scalinghealth:heart_crystal":133,"advancednetherite:netherite_diamond_boots":3,"minecraft:dirt":127,"minecraft:bone":5,"minecraft:acacia_planks":10,"minecraft:wheat_seeds":23,"majruszsdifficulty:warden_treasure_bag":2,"advancednetherite:netherite_diamond_chestplate":3,"minecraft:stone_pickaxe":1,"scalinghealth:power_crystal_shard":9,"minecraft:sculk_catalyst":3,"advancednetherite:netherite_diamond_leggings":3,"scalinghealth:enchanted_heart":1,"minecraft:ink_sac":2,"minecraft:grass_block":2,"minecraft:dark_oak_log":5,"minecraft:leather_helmet":1,"minecraft:stone_axe":2,"moretotems:stinging_totem_of_undying":104,"minecraft:bread":22,"minecraft:emerald":12,"scalinghealth:cursed_heart":64,"minecraft:coal":41,"mutantmonsters:mutant_skeleton_spawn_egg":125}},"DataVersion":3465}