{"stats":{"minecraft:used":{"minecraft:leather_leggings":1,"minecraft:stone_pickaxe":46,"minecraft:leather_helmet":1,"minecraft:wooden_pickaxe":5,"artifacts:umbrella":3,"minecraft:stone_axe":53,"minecraft:dirt":3,"minecraft:cobblestone":6,"minecraft:beef":2,"minecraft:crafting_table":2,"minecraft:porkchop":3,"minecraft:carrot":10},"minecraft:killed_by":{"minecraft:creeper":1,"minecraft:zombie":1},"minecraft:crafted":{"minecraft:leather_leggings":1,"minecraft:crafting_table":1,"minecraft:stick":8,"minecraft:wooden_pickaxe":1,"minecraft:stone_pickaxe":1,"minecraft:acacia_planks":16,"minecraft:dark_oak_planks":12,"minecraft:stone_axe":1},"minecraft:mined":{"minecraft:crafting_table":2,"minecraft:grass":14,"minecraft:acacia_log":11,"minecraft:coal_ore":13,"minecraft:grass_block":3,"minecraft:oak_log":2,"minecraft:melon":9,"minecraft:dirt":1,"minecraft:cobblestone":2,"minecraft:stone":35,"minecraft:oak_leaves":2,"minecraft:orange_bed":1},"minecraft:custom":{"minecraft:time_since_rest":424,"minecraft:interact_with_smithing_table":2,"champions:champion_mobs_killed":4,"minecraft:sprint_one_cm":59610,"minecraft:damage_taken":1342,"minecraft:walk_one_cm":24479,"minecraft:damage_blocked_by_shield":138,"minecraft:mob_kills":18,"minecraft:damage_dealt":2508,"minecraft:talked_to_villager":5,"minecraft:interact_with_crafting_table":5,"minecraft:swim_one_cm":7389,"minecraft:fly_one_cm":107317,"minecraft:open_chest":4,"minecraft:crouch_one_cm":1003,"minecraft:play_time":16818,"minecraft:deaths":2,"minecraft:sneak_time":641,"minecraft:walk_under_water_one_cm":779,"minecraft:jump":500,"minecraft:walk_on_water_one_cm":3406,"minecraft:time_since_death":341,"minecraft:sleep_in_bed":2,"minecraft:total_world_time":16818,"minecraft:fall_one_cm":7218},"minecraft:picked_up":{"minecraft:stick":4,"minecraft:crafting_table":3,"minecraft:sentry_armor_trim_smithing_template":2,"minecraft:leather":6,"artifacts:umbrella":2,"minecraft:wooden_pickaxe":2,"minecraft:acacia_log":25,"minecraft:porkchop":12,"minecraft:dark_oak_log":5,"minecraft:leather_helmet":1,"minecraft:dirt":93,"minecraft:dark_oak_planks":24,"minecraft:orange_bed":3,"minecraft:rotten_flesh":4,"minecraft:stone_axe":2,"minecraft:acacia_planks":5,"artifacts:villager_hat":2,"minecraft:wheat_seeds":16,"minecraft:bucket":2,"minecraft:stone_pickaxe":1,"minecraft:beef":15,"minecraft:emerald":12,"scalinghealth:power_crystal_shard":9,"minecraft:bread":22,"minecraft:melon_slice":108,"minecraft:mutton":6,"minecraft:coal":39,"minecraft:white_wool":3,"minecraft:cobblestone":37},"minecraft:killed":{"minecraft:sheep":3,"minecraft:pillager":2,"minecraft:zombie":2,"minecraft:pig":3,"minecraft:cow":7}},"DataVersion":3465}