{"stats":{"minecraft:used":{"minecraft:dirt":3,"minecraft:crafting_table":2,"minecraft:porkchop":3,"minecraft:stone_pickaxe":1,"minecraft:wooden_pickaxe":5},"minecraft:crafted":{"minecraft:acacia_planks":16,"minecraft:crafting_table":1,"minecraft:stick":8,"minecraft:stone_pickaxe":1,"minecraft:wooden_pickaxe":1},"minecraft:mined":{"minecraft:grass":7,"minecraft:acacia_log":4,"minecraft:grass_block":3,"minecraft:oak_log":2,"minecraft:dirt":1,"minecraft:stone":6,"minecraft:oak_leaves":2,"minecraft:crafting_table":1},"minecraft:custom":{"minecraft:time_since_rest":4818,"minecraft:crouch_one_cm":137,"minecraft:play_time":4818,"minecraft:sprint_one_cm":11913,"minecraft:damage_taken":220,"minecraft:walk_one_cm":6692,"minecraft:sneak_time":98,"minecraft:walk_under_water_one_cm":64,"minecraft:mob_kills":2,"minecraft:jump":146,"minecraft:damage_dealt":340,"minecraft:time_since_death":4818,"minecraft:walk_on_water_one_cm":1504,"minecraft:total_world_time":4818,"minecraft:interact_with_crafting_table":3,"minecraft:fall_one_cm":2742,"minecraft:fly_one_cm":26218},"minecraft:killed":{"minecraft:pig":2},"minecraft:picked_up":{"minecraft:crafting_table":1,"minecraft:acacia_log":4,"minecraft:porkchop":3,"minecraft:dirt":3,"minecraft:cobblestone":5}},"DataVersion":3465}