{"stats":{"minecraft:used":{"advancednetherite:netherite_diamond_sword":86,"minecraft:acacia_boat":1,"minecraft:leather_leggings":1,"minecraft:stone_sword":5,"minecraft:stone_pickaxe":51,"minecraft:wooden_pickaxe":7,"mutantmonsters:mutant_skeleton_spawn_egg":4,"minecraft:dirt":58,"minecraft:yellow_terracotta":1,"scalinghealth:heart_crystal":1,"artifacts:umbrella":3,"minecraft:crafting_table":4,"scalinghealth:cursed_heart":64,"minecraft:carrot":10,"mutantmonsters:mutant_creeper_spawn_egg":2,"mutantmonsters:spider_pig_spawn_egg":3,"minecraft:bread":11,"minecraft:melon_slice":8,"mutantmonsters:mutant_enderman_spawn_egg":1,"mutantmonsters:creeper_minion_spawn_egg":3,"minecraft:leather_helmet":1,"mutantmonsters:mutant_snow_golem_spawn_egg":2,"scalinghealth:power_crystal":64,"minecraft:bedrock":396,"minecraft:stone_axe":80,"mutantmonsters:mutant_zombie_spawn_egg":2,"minecraft:cobblestone":8,"minecraft:beef":2,"minecraft:acacia_pressure_plate":1,"minecraft:porkchop":3,"minecraft:enchanted_golden_apple":8},"minecraft:killed_by":{"minecraft:skeleton":1,"minecraft:creeper":1,"minecraft:zombie":3},"minecraft:crafted":{"minecraft:leather_leggings":1,"minecraft:crafting_table":2,"minecraft:wooden_pickaxe":1,"minecraft:stone_axe":1,"minecraft:acacia_boat":1,"minecraft:stick":8,"minecraft:stone_pickaxe":2,"minecraft:acacia_planks":44,"minecraft:dark_oak_planks":12},"minecraft:mined":{"minecraft:yellow_terracotta":2,"minecraft:crafting_table":4,"minecraft:acacia_log":11,"minecraft:grass_block":5,"minecraft:melon":10,"minecraft:tall_grass":9,"minecraft:cobblestone":2,"minecraft:acacia_pressure_plate":1,"minecraft:iron_ore":2,"minecraft:grass":42,"minecraft:oak_log":9,"minecraft:coal_ore":15,"minecraft:dirt":2,"minecraft:cobweb":2,"minecraft:stone":36,"minecraft:oak_leaves":4,"minecraft:orange_bed":1},"minecraft:custom":{"minecraft:interact_with_smithing_table":2,"minecraft:mob_kills":43,"minecraft:interact_with_crafting_table":8,"minecraft:damage_dealt_resisted":3069,"minecraft:leave_game":1,"minecraft:time_since_death":14973,"minecraft:sleep_in_bed":3,"minecraft:damage_resisted":459,"minecraft:damage_absorbed":656,"minecraft:time_since_rest":15044,"champions:champion_mobs_killed":20,"minecraft:sprint_one_cm":148825,"minecraft:damage_taken":6139,"minecraft:walk_one_cm":86740,"minecraft:damage_blocked_by_shield":138,"minecraft:drop":41,"minecraft:damage_dealt":30844,"minecraft:swim_one_cm":12480,"minecraft:talked_to_villager":8,"minecraft:fly_one_cm":415649,"minecraft:open_chest":5,"minecraft:crouch_one_cm":7854,"minecraft:play_time":52529,"minecraft:deaths":5,"minecraft:sneak_time":2727,"minecraft:walk_under_water_one_cm":3012,"minecraft:boat_one_cm":24480,"minecraft:jump":1329,"minecraft:walk_on_water_one_cm":5722,"minecraft:total_world_time":52529,"minecraft:fall_one_cm":30142},"minecraft:dropped":{"minecraft:wheat_seeds":3,"scalinghealth:cursed_heart":64,"mutantmonsters:creeper_minion_spawn_egg":64,"mutantmonsters:mutant_enderman_spawn_egg":64,"advancednetherite:netherite_diamond_boots":1,"advancednetherite:netherite_diamond_helmet":1,"mutantmonsters:mutant_skeleton_spawn_egg":64,"mutantmonsters:spider_pig_spawn_egg":64,"scalinghealth:power_crystal":64,"moretotems:stinging_totem_of_undying":16,"mutantmonsters:mutant_zombie_spawn_egg":64,"mutantmonsters:mutant_snow_golem_spawn_egg":64,"scalinghealth:heart_crystal":64,"advancednetherite:netherite_diamond_chestplate":1,"advancednetherite:netherite_diamond_sword":1,"advancednetherite:netherite_diamond_leggings":1,"minecraft:arrow":1,"minecraft:wooden_pickaxe":2,"minecraft:string":2,"mutantmonsters:mutant_creeper_spawn_egg":64,"minecraft:egg":3,"minecraft:bone":3},"minecraft:killed":{"minecraft:pig":3,"minecraft:spider":1,"minecraft:creeper":3,"minecraft:sheep":6,"minecraft:skeleton":7,"minecraft:pillager":2,"minecraft:zombie":5,"mutantmonsters:mutant_zombie":1,"mutantmonsters:mutant_creeper":1,"minecraft:cow":12},"minecraft:picked_up":{"minecraft:crafting_table":5,"advancednetherite:netherite_diamond_sword":1,"mutantmonsters:creeper_minion_spawn_egg":64,"minecraft:leather_leggings":1,"minecraft:leather":9,"minecraft:sentry_armor_trim_smithing_template":2,"artifacts:umbrella":2,"minecraft:wooden_pickaxe":4,"mutantmonsters:mutant_enderman_spawn_egg":64,"minecraft:acacia_pressure_plate":1,"minecraft:enchanted_book":1,"minecraft:oak_log":7,"minecraft:gunpowder":3,"minecraft:acacia_boat":1,"scalinghealth:heart_crystal":69,"advancednetherite:netherite_diamond_boots":1,"minecraft:string":2,"minecraft:dirt":127,"mutantmonsters:mutant_zombie_spawn_egg":64,"minecraft:bone":5,"minecraft:acacia_planks":10,"minecraft:wheat_seeds":23,"minecraft:bucket":2,"advancednetherite:netherite_diamond_chestplate":1,"minecraft:beef":38,"minecraft:stone_pickaxe":1,"scalinghealth:power_crystal_shard":9,"minecraft:melon_slice":112,"minecraft:egg":3,"minecraft:raw_iron":2,"minecraft:stick":6,"advancednetherite:netherite_diamond_leggings":1,"minecraft:acacia_log":25,"minecraft:porkchop":18,"scalinghealth:enchanted_heart":1,"minecraft:ink_sac":2,"advancednetherite:netherite_diamond_helmet":1,"minecraft:dark_oak_log":5,"mutantmonsters:mutant_snow_golem_spawn_egg":64,"minecraft:leather_helmet":1,"minecraft:dark_oak_planks":24,"minecraft:orange_bed":3,"minecraft:stone_sword":1,"minecraft:arrow":5,"minecraft:rotten_flesh":5,"minecraft:stone_axe":2,"artifacts:villager_hat":2,"mutantmonsters:spider_pig_spawn_egg":64,"moretotems:stinging_totem_of_undying":16,"minecraft:yellow_terracotta":2,"mutantmonsters:mutant_creeper_spawn_egg":64,"scalinghealth:cursed_heart":64,"minecraft:emerald":12,"minecraft:bread":22,"scalinghealth:power_crystal":64,"mutantmonsters:mutant_skeleton_spawn_egg":64,"minecraft:mutton":17,"minecraft:coal":41,"minecraft:white_wool":9,"minecraft:cobblestone":65}},"DataVersion":3465}