{"stats":{"minecraft:used":{"minecraft:acacia_boat":1,"minecraft:leather_leggings":1,"minecraft:stone_pickaxe":51,"minecraft:wooden_pickaxe":7,"minecraft:dirt":58,"scalinghealth:heart_crystal":1,"artifacts:umbrella":3,"minecraft:crafting_table":4,"minecraft:carrot":10,"minecraft:melon_slice":8,"minecraft:bread":11,"minecraft:leather_helmet":1,"minecraft:stone_axe":80,"minecraft:cobblestone":6,"minecraft:beef":2,"minecraft:porkchop":3},"minecraft:killed_by":{"minecraft:creeper":1,"minecraft:zombie":2},"minecraft:crafted":{"minecraft:leather_leggings":1,"minecraft:crafting_table":2,"minecraft:wooden_pickaxe":1,"minecraft:stone_axe":1,"minecraft:acacia_boat":1,"minecraft:stick":8,"minecraft:stone_pickaxe":2,"minecraft:acacia_planks":44,"minecraft:dark_oak_planks":12},"minecraft:mined":{"minecraft:yellow_terracotta":2,"minecraft:crafting_table":4,"minecraft:acacia_log":11,"minecraft:grass_block":3,"minecraft:melon":9,"minecraft:cobblestone":2,"minecraft:iron_ore":2,"minecraft:grass":20,"minecraft:oak_log":2,"minecraft:coal_ore":15,"minecraft:dirt":1,"minecraft:stone":36,"minecraft:oak_leaves":3,"minecraft:orange_bed":1},"minecraft:custom":{"minecraft:interact_with_smithing_table":2,"minecraft:mob_kills":28,"minecraft:interact_with_crafting_table":7,"minecraft:leave_game":1,"minecraft:time_since_death":2231,"minecraft:sleep_in_bed":2,"minecraft:time_since_rest":2309,"champions:champion_mobs_killed":6,"minecraft:sprint_one_cm":108719,"minecraft:damage_taken":2278,"minecraft:walk_one_cm":37736,"minecraft:damage_blocked_by_shield":138,"minecraft:damage_dealt":3651,"minecraft:swim_one_cm":11747,"minecraft:talked_to_villager":7,"minecraft:fly_one_cm":298878,"minecraft:open_chest":4,"minecraft:crouch_one_cm":1281,"minecraft:play_time":31490,"minecraft:deaths":3,"minecraft:sneak_time":900,"minecraft:walk_under_water_one_cm":1765,"minecraft:boat_one_cm":24480,"minecraft:jump":984,"minecraft:walk_on_water_one_cm":4537,"minecraft:total_world_time":31490,"minecraft:fall_one_cm":18918},"minecraft:killed":{"minecraft:pig":3,"minecraft:sheep":6,"minecraft:skeleton":1,"minecraft:pillager":2,"minecraft:zombie":3,"minecraft:cow":12},"minecraft:picked_up":{"minecraft:crafting_table":5,"minecraft:leather_leggings":1,"minecraft:leather":9,"minecraft:sentry_armor_trim_smithing_template":2,"artifacts:umbrella":2,"minecraft:wooden_pickaxe":2,"minecraft:acacia_boat":1,"scalinghealth:heart_crystal":1,"minecraft:dirt":109,"minecraft:acacia_planks":10,"minecraft:wheat_seeds":17,"minecraft:bucket":2,"minecraft:beef":38,"minecraft:stone_pickaxe":1,"scalinghealth:power_crystal_shard":9,"minecraft:melon_slice":108,"minecraft:raw_iron":2,"minecraft:stick":6,"minecraft:acacia_log":25,"minecraft:porkchop":12,"minecraft:ink_sac":2,"minecraft:dark_oak_log":5,"minecraft:leather_helmet":1,"minecraft:dark_oak_planks":24,"minecraft:orange_bed":3,"minecraft:arrow":2,"minecraft:rotten_flesh":4,"artifacts:villager_hat":2,"minecraft:stone_axe":2,"minecraft:yellow_terracotta":1,"minecraft:bread":22,"minecraft:emerald":12,"minecraft:mutton":17,"minecraft:coal":41,"minecraft:white_wool":9,"minecraft:cobblestone":63}},"DataVersion":3465}