{"stats":{"minecraft:used":{"minecraft:stone_sword":31,"minecraft:stone_pickaxe":33,"minecraft:oak_planks":4,"minecraft:shield":4,"minecraft:wooden_pickaxe":23,"minecraft:cooked_chicken":2,"minecraft:torch":9,"minecraft:stone_axe":11,"minecraft:dirt":4,"minecraft:cobblestone":13,"minecraft:crafting_table":2,"minecraft:furnace":1,"minecraft:cooked_porkchop":2,"minecraft:experience_bottle":2},"minecraft:crafted":{"minecraft:oak_planks":64,"minecraft:cooked_porkchop":2,"minecraft:shield":1,"minecraft:stick":12,"minecraft:iron_ingot":2,"minecraft:cooked_chicken":2,"minecraft:wooden_pickaxe":1,"minecraft:stone_pickaxe":1,"minecraft:stone_sword":1,"minecraft:furnace":1,"minecraft:torch":4,"minecraft:bread":19,"minecraft:stone_axe":1,"minecraft:wheat":54,"minecraft:air":0},"minecraft:mined":{"minecraft:hay_block":6,"minecraft:furnace":1,"minecraft:iron_ore":5,"minecraft:torch":5,"minecraft:crafting_table":2,"minecraft:grass":5,"minecraft:coal_ore":13,"minecraft:grass_block":1,"minecraft:oak_log":16,"minecraft:poppy":1,"minecraft:dirt":3,"minecraft:stone":27,"minecraft:sugar_cane":5,"minecraft:oak_leaves":2,"minecraft:wall_torch":4,"minecraft:fern":1},"minecraft:custom":{"minecraft:time_since_rest":14659,"minecraft:interact_with_furnace":12,"minecraft:sprint_one_cm":49400,"minecraft:damage_taken":450,"minecraft:walk_one_cm":33444,"minecraft:damage_blocked_by_shield":110,"minecraft:mob_kills":6,"minecraft:drop":4,"minecraft:damage_dealt":741,"minecraft:swim_one_cm":18629,"minecraft:interact_with_crafting_table":9,"minecraft:fly_one_cm":75630,"minecraft:open_chest":4,"minecraft:crouch_one_cm":982,"minecraft:play_time":14659,"minecraft:sneak_time":288,"minecraft:walk_under_water_one_cm":1726,"minecraft:jump":320,"minecraft:walk_on_water_one_cm":1800,"minecraft:time_since_death":14659,"minecraft:total_world_time":14659,"minecraft:fall_one_cm":9222},"minecraft:dropped":{"minecraft:poppy":1,"minecraft:wheat_seeds":1,"scalinghealth:cursed_heart":1,"minecraft:black_wool":1},"minecraft:picked_up":{"minecraft:raw_iron":8,"minecraft:crafting_table":2,"minecraft:feather":4,"minecraft:chicken":2,"minecraft:torch":9,"minecraft:wooden_pickaxe":1,"minecraft:porkchop":2,"minecraft:oak_log":16,"minecraft:dirt":4,"minecraft:wheat_seeds":1,"minecraft:hay_block":6,"scalinghealth:cursed_heart":1,"minecraft:poppy":1,"minecraft:sugar_cane":9,"minecraft:black_wool":1,"minecraft:mutton":3,"minecraft:coal":24,"minecraft:white_wool":2,"minecraft:cobblestone":29,"minecraft:furnace":1},"minecraft:killed":{"minecraft:sheep":3,"minecraft:pig":1,"minecraft:chicken":2}},"DataVersion":3465}