{"stats":{"minecraft:used":{"minecraft:stone_sword":35,"minecraft:stone_pickaxe":42,"minecraft:oak_planks":6,"minecraft:wooden_pickaxe":23,"minecraft:shield":11,"minecraft:iron_sword":76,"minecraft:cooked_chicken":2,"minecraft:torch":11,"minecraft:dirt":4,"scalinghealth:heart_crystal":1,"minecraft:crafting_table":4,"minecraft:white_bed":1,"minecraft:iron_axe":5,"minecraft:bread":11,"minecraft:iron_pickaxe":107,"minecraft:stone_axe":13,"minecraft:cobblestone":38,"minecraft:furnace":2,"minecraft:cooked_porkchop":2,"minecraft:experience_bottle":2},"minecraft:killed_by":{"minecraft:creeper":1},"minecraft:crafted":{"minecraft:oak_planks":64,"minecraft:cooked_porkchop":2,"minecraft:crafting_table":1,"minecraft:wooden_pickaxe":1,"minecraft:cooked_chicken":2,"minecraft:iron_sword":1,"minecraft:furnace":1,"minecraft:stone_axe":1,"minecraft:bread":19,"minecraft:air":0,"minecraft:shield":1,"minecraft:iron_axe":1,"minecraft:stick":16,"minecraft:iron_ingot":11,"minecraft:iron_pickaxe":1,"minecraft:stone_pickaxe":1,"minecraft:stone_sword":1,"minecraft:white_bed":1,"minecraft:torch":4,"minecraft:wheat":54},"minecraft:mined":{"minecraft:crafting_table":3,"minecraft:torch":5,"minecraft:grass_block":2,"minecraft:poppy":1,"minecraft:tall_grass":1,"minecraft:sugar_cane":14,"minecraft:oak_planks":2,"minecraft:wall_torch":4,"minecraft:hay_block":6,"minecraft:furnace":2,"minecraft:iron_ore":11,"minecraft:grass":35,"minecraft:oak_log":16,"minecraft:coal_ore":14,"minecraft:dirt":9,"minecraft:stone":129,"minecraft:oak_leaves":2,"minecraft:fern":1},"minecraft:custom":{"minecraft:interact_with_furnace":16,"minecraft:mob_kills":28,"minecraft:interact_with_crafting_table":13,"minecraft:leave_game":2,"minecraft:time_since_death":20179,"minecraft:sleep_in_bed":1,"minecraft:time_since_rest":3603,"champions:champion_mobs_killed":4,"minecraft:sprint_one_cm":146287,"minecraft:damage_taken":1824,"minecraft:walk_one_cm":90358,"minecraft:damage_blocked_by_shield":1180,"minecraft:drop":13,"minecraft:damage_dealt":3063,"minecraft:swim_one_cm":24794,"minecraft:fly_one_cm":235342,"minecraft:open_chest":4,"minecraft:crouch_one_cm":1076,"minecraft:play_time":40042,"minecraft:deaths":1,"minecraft:sneak_time":354,"minecraft:walk_under_water_one_cm":4575,"minecraft:jump":957,"minecraft:walk_on_water_one_cm":4626,"minecraft:total_world_time":40042,"minecraft:fall_one_cm":27569},"minecraft:dropped":{"minecraft:porkchop":6,"minecraft:wheat_seeds":1,"minecraft:stone_sword":1,"scalinghealth:cursed_heart":1,"minecraft:poppy":1,"minecraft:wooden_pickaxe":2,"minecraft:black_wool":1},"minecraft:killed":{"minecraft:pig":4,"minecraft:spider":1,"minecraft:sheep":9,"minecraft:zombie":3,"minecraft:chicken":6,"minecraft:cow":4},"minecraft:picked_up":{"minecraft:crafting_table":4,"minecraft:feather":13,"minecraft:chicken":6,"minecraft:leather":8,"minecraft:wooden_pickaxe":3,"minecraft:filled_map":1,"minecraft:oak_log":16,"minecraft:shield":1,"scalinghealth:heart_crystal":1,"minecraft:dirt":59,"minecraft:string":2,"minecraft:iron_axe":1,"minecraft:wheat_seeds":3,"minecraft:beef":6,"scalinghealth:power_crystal_shard":3,"minecraft:iron_pickaxe":1,"minecraft:poppy":3,"minecraft:sugar_cane":33,"minecraft:iron_sword":1,"minecraft:oak_planks":39,"minecraft:furnace":2,"minecraft:stick":3,"minecraft:raw_iron":14,"minecraft:torch":12,"minecraft:dandelion":3,"minecraft:porkchop":8,"minecraft:stone_sword":1,"minecraft:rotten_flesh":4,"minecraft:hay_block":6,"minecraft:bread":16,"scalinghealth:cursed_heart":1,"minecraft:oak_sapling":1,"minecraft:black_wool":1,"minecraft:mutton":14,"minecraft:coal":45,"minecraft:white_wool":10,"minecraft:cobblestone":135}},"DataVersion":3465}