{"stats":{"minecraft:used":{"minecraft:stone_sword":33,"minecraft:stone_pickaxe":42,"minecraft:oak_planks":6,"minecraft:wooden_pickaxe":23,"minecraft:shield":11,"minecraft:iron_sword":22,"minecraft:cooked_chicken":2,"minecraft:torch":10,"minecraft:dirt":4,"minecraft:crafting_table":3,"minecraft:iron_axe":5,"minecraft:bread":5,"minecraft:iron_pickaxe":89,"minecraft:stone_axe":13,"minecraft:cobblestone":21,"minecraft:furnace":2,"minecraft:cooked_porkchop":2,"minecraft:experience_bottle":2},"minecraft:killed_by":{"minecraft:creeper":1},"minecraft:crafted":{"minecraft:oak_planks":64,"minecraft:cooked_porkchop":2,"minecraft:crafting_table":1,"minecraft:wooden_pickaxe":1,"minecraft:cooked_chicken":2,"minecraft:iron_sword":1,"minecraft:furnace":1,"minecraft:stone_axe":1,"minecraft:bread":19,"minecraft:air":0,"minecraft:shield":1,"minecraft:iron_axe":1,"minecraft:stick":16,"minecraft:iron_ingot":11,"minecraft:iron_pickaxe":1,"minecraft:stone_pickaxe":1,"minecraft:stone_sword":1,"minecraft:torch":4,"minecraft:wheat":54},"minecraft:mined":{"minecraft:crafting_table":3,"minecraft:torch":5,"minecraft:grass_block":1,"minecraft:poppy":1,"minecraft:oak_planks":2,"minecraft:sugar_cane":5,"minecraft:wall_torch":4,"minecraft:hay_block":6,"minecraft:furnace":2,"minecraft:iron_ore":11,"minecraft:grass":6,"minecraft:oak_log":16,"minecraft:coal_ore":14,"minecraft:dirt":3,"minecraft:stone":117,"minecraft:oak_leaves":2,"minecraft:fern":1},"minecraft:custom":{"minecraft:interact_with_furnace":16,"minecraft:mob_kills":14,"minecraft:interact_with_crafting_table":12,"minecraft:time_since_death":6796,"minecraft:time_since_rest":6847,"champions:champion_mobs_killed":4,"minecraft:sprint_one_cm":104569,"minecraft:damage_taken":1324,"minecraft:walk_one_cm":67922,"minecraft:damage_blocked_by_shield":1180,"minecraft:drop":4,"minecraft:damage_dealt":1994,"minecraft:swim_one_cm":18629,"minecraft:fly_one_cm":170746,"minecraft:open_chest":4,"minecraft:crouch_one_cm":1076,"minecraft:play_time":26659,"minecraft:deaths":1,"minecraft:sneak_time":316,"minecraft:walk_under_water_one_cm":1726,"minecraft:jump":667,"minecraft:walk_on_water_one_cm":1800,"minecraft:total_world_time":26659,"minecraft:fall_one_cm":18997},"minecraft:dropped":{"minecraft:wheat_seeds":1,"scalinghealth:cursed_heart":1,"minecraft:poppy":1,"minecraft:black_wool":1},"minecraft:killed":{"minecraft:pig":1,"minecraft:spider":1,"minecraft:sheep":3,"minecraft:zombie":3,"minecraft:chicken":2,"minecraft:cow":4},"minecraft:picked_up":{"minecraft:crafting_table":4,"minecraft:feather":8,"minecraft:chicken":2,"minecraft:leather":8,"minecraft:wooden_pickaxe":3,"minecraft:filled_map":1,"minecraft:oak_log":16,"minecraft:shield":1,"scalinghealth:heart_crystal":1,"minecraft:string":2,"minecraft:dirt":52,"minecraft:iron_axe":1,"minecraft:wheat_seeds":2,"minecraft:beef":6,"minecraft:iron_pickaxe":1,"minecraft:poppy":3,"minecraft:sugar_cane":18,"minecraft:iron_sword":1,"minecraft:oak_planks":39,"minecraft:furnace":2,"minecraft:stick":3,"minecraft:raw_iron":14,"minecraft:torch":12,"minecraft:dandelion":3,"minecraft:porkchop":2,"minecraft:stone_sword":1,"minecraft:rotten_flesh":4,"minecraft:hay_block":6,"minecraft:bread":16,"scalinghealth:cursed_heart":1,"minecraft:oak_sapling":1,"minecraft:cobblestone":125,"minecraft:mutton":6,"minecraft:black_wool":1,"minecraft:white_wool":4,"minecraft:coal":45}},"DataVersion":3465}