{"stats":{"minecraft:used":{"minecraft:wooden_pickaxe":20},"minecraft:crafted":{"minecraft:oak_planks":48,"minecraft:stick":4,"minecraft:wooden_pickaxe":1},"minecraft:mined":{"minecraft:grass":2,"minecraft:grass_block":1,"minecraft:oak_log":12,"minecraft:dirt":3,"minecraft:stone":15,"minecraft:fern":1},"minecraft:custom":{"minecraft:time_since_rest":2659,"minecraft:crouch_one_cm":70,"minecraft:play_time":2659,"minecraft:sprint_one_cm":2351,"minecraft:walk_one_cm":3553,"minecraft:sneak_time":8,"minecraft:jump":18,"minecraft:time_since_death":2659,"minecraft:total_world_time":2659,"minecraft:fly_one_cm":4552,"minecraft:interact_with_crafting_table":1,"minecraft:fall_one_cm":209},"minecraft:picked_up":{"minecraft:oak_log":12,"minecraft:dirt":4,"minecraft:cobblestone":15}},"DataVersion":3465}