{"stats":{"minecraft:used":{"minecraft:stone_sword":71,"minecraft:stone_pickaxe":66,"minecraft:wooden_pickaxe":11,"minecraft:torch":2,"minecraft:dirt":6,"minecraft:beef":2,"minecraft:crafting_table":3,"minecraft:furnace":2,"minecraft:cooked_beef":1},"minecraft:killed_by":{"minecraft:skeleton":1},"minecraft:crafted":{"minecraft:cooked_beef":13,"minecraft:oak_planks":16,"minecraft:crafting_table":2,"minecraft:stick":4,"minecraft:wooden_pickaxe":1,"minecraft:stone_pickaxe":1,"minecraft:stone_sword":1,"minecraft:furnace":1,"minecraft:torch":4,"minecraft:air":0},"minecraft:mined":{"minecraft:furnace":2,"minecraft:iron_ore":2,"minecraft:andesite":21,"minecraft:crafting_table":2,"minecraft:grass":29,"minecraft:grass_block":2,"minecraft:oak_log":2,"minecraft:dirt":17,"minecraft:tall_grass":5,"minecraft:stone":41,"minecraft:oak_leaves":2,"minecraft:fern":2},"minecraft:custom":{"minecraft:time_since_rest":1654,"minecraft:interact_with_furnace":11,"champions:champion_mobs_killed":2,"minecraft:sprint_one_cm":48341,"minecraft:damage_taken":425,"minecraft:walk_one_cm":25260,"minecraft:mob_kills":24,"minecraft:drop":5,"minecraft:damage_dealt":2496,"minecraft:swim_one_cm":11267,"minecraft:interact_with_crafting_table":5,"minecraft:fly_one_cm":124337,"minecraft:open_chest":2,"minecraft:crouch_one_cm":2934,"minecraft:play_time":17637,"minecraft:deaths":1,"minecraft:sneak_time":1886,"minecraft:walk_under_water_one_cm":2472,"minecraft:jump":599,"minecraft:walk_on_water_one_cm":3784,"minecraft:time_since_death":1619,"minecraft:climb_one_cm":298,"minecraft:total_world_time":17637,"minecraft:fall_one_cm":13825},"minecraft:dropped":{"minecraft:wheat_seeds":6,"minecraft:wooden_pickaxe":1},"minecraft:picked_up":{"minecraft:raw_iron":4,"scalinghealth:heart_crystal_shard":16,"minecraft:crafting_table":3,"minecraft:stick":2,"minecraft:cooked_beef":12,"minecraft:andesite":42,"minecraft:leather":26,"minecraft:torch":2,"minecraft:porkchop":7,"minecraft:oak_log":4,"minecraft:paper":5,"minecraft:dirt":34,"minecraft:stone_sword":1,"minecraft:coast_armor_trim_smithing_template":2,"minecraft:wheat_seeds":6,"minecraft:beef":79,"minecraft:stone_pickaxe":1,"scalinghealth:power_crystal_shard":4,"minecraft:moss_block":3,"minecraft:mutton":4,"minecraft:coal":4,"minecraft:white_wool":2,"minecraft:cobblestone":69,"minecraft:furnace":2},"minecraft:killed":{"minecraft:sheep":3,"minecraft:skeleton":1,"minecraft:zombie":1,"minecraft:pig":4,"minecraft:cow":15}},"DataVersion":3465}