{"stats":{"minecraft:used":{"minecraft:stone_sword":5,"minecraft:crafting_table":1,"minecraft:wooden_pickaxe":11},"minecraft:crafted":{"minecraft:stone_sword":1,"minecraft:oak_planks":16,"minecraft:crafting_table":1,"minecraft:stick":4,"minecraft:stone_pickaxe":1,"minecraft:wooden_pickaxe":1},"minecraft:mined":{"minecraft:grass":10,"minecraft:oak_log":2,"minecraft:tall_grass":1,"minecraft:stone":11,"minecraft:oak_leaves":2},"minecraft:custom":{"minecraft:time_since_rest":5637,"minecraft:crouch_one_cm":1261,"minecraft:play_time":5637,"minecraft:sprint_one_cm":13584,"minecraft:damage_taken":20,"minecraft:walk_one_cm":6090,"minecraft:sneak_time":696,"minecraft:mob_kills":5,"minecraft:drop":3,"minecraft:jump":164,"minecraft:damage_dealt":460,"minecraft:time_since_death":5637,"minecraft:walk_on_water_one_cm":685,"minecraft:total_world_time":5637,"minecraft:interact_with_crafting_table":3,"minecraft:fall_one_cm":4215,"minecraft:fly_one_cm":28874},"minecraft:dropped":{"minecraft:wheat_seeds":3,"minecraft:wooden_pickaxe":1},"minecraft:killed":{"minecraft:cow":5},"minecraft:picked_up":{"minecraft:stick":2,"minecraft:leather":5,"minecraft:wheat_seeds":4,"minecraft:beef":9,"minecraft:oak_log":4,"minecraft:dirt":1,"minecraft:cobblestone":11}},"DataVersion":3465}