{"stats":{"minecraft:used":{"minecraft:moss_block":3,"minecraft:stone_sword":144,"minecraft:stone_pickaxe":122,"minecraft:wooden_pickaxe":49,"minecraft:torch":6,"minecraft:dirt":11,"minecraft:mutton":1,"minecraft:crafting_table":6,"minecraft:cobblestone":5,"minecraft:beef":5,"minecraft:furnace":2,"minecraft:cooked_beef":5},"minecraft:killed_by":{"minecraft:skeleton":1,"minecraft:zombie":2},"minecraft:crafted":{"minecraft:cooked_beef":13,"minecraft:oak_planks":16,"minecraft:crafting_table":5,"minecraft:wooden_pickaxe":3,"minecraft:furnace":1,"minecraft:air":0,"minecraft:jungle_planks":28,"minecraft:stick":16,"minecraft:stone_pickaxe":2,"minecraft:stone_sword":2,"minecraft:torch":8},"minecraft:mined":{"minecraft:crafting_table":2,"minecraft:grass_block":3,"minecraft:jungle_log":7,"minecraft:tall_grass":6,"minecraft:furnace":2,"minecraft:iron_ore":2,"minecraft:andesite":21,"minecraft:grass":72,"minecraft:coal_ore":8,"minecraft:oak_log":2,"minecraft:vine":1,"minecraft:dirt":21,"minecraft:stone":121,"minecraft:oak_leaves":13,"minecraft:fern":3},"minecraft:custom":{"minecraft:interact_with_furnace":11,"minecraft:mob_kills":40,"minecraft:interact_with_crafting_table":8,"minecraft:leave_game":1,"minecraft:time_since_death":10849,"minecraft:climb_one_cm":1100,"minecraft:time_since_rest":10879,"champions:champion_mobs_killed":7,"minecraft:sprint_one_cm":111039,"minecraft:damage_taken":1326,"minecraft:walk_one_cm":51038,"minecraft:drop":7,"minecraft:damage_dealt":4619,"minecraft:swim_one_cm":43280,"minecraft:fly_one_cm":336205,"minecraft:open_chest":4,"minecraft:crouch_one_cm":8660,"minecraft:play_time":43488,"minecraft:deaths":3,"minecraft:sneak_time":4354,"minecraft:walk_under_water_one_cm":4479,"minecraft:jump":1347,"minecraft:walk_on_water_one_cm":11992,"minecraft:total_world_time":43488,"minecraft:fall_one_cm":38164},"minecraft:dropped":{"minecraft:wheat_seeds":6,"minecraft:oak_sapling":1,"minecraft:stone_pickaxe":1,"minecraft:wooden_pickaxe":1},"minecraft:killed":{"minecraft:pig":5,"minecraft:spider":3,"majruszsdifficulty:cursed_armor":1,"minecraft:skeleton":1,"minecraft:sheep":8,"minecraft:zombie":2,"minecraft:cow":20},"minecraft:picked_up":{"minecraft:crafting_table":3,"minecraft:cooked_beef":12,"minecraft:jungle_log":7,"minecraft:andesite":42,"minecraft:leather":30,"minecraft:enchanted_book":1,"minecraft:oak_log":4,"minecraft:dirt":39,"minecraft:string":1,"minecraft:paper":5,"minecraft:coast_armor_trim_smithing_template":2,"minecraft:apple":1,"minecraft:wheat_seeds":8,"minecraft:beef":87,"minecraft:stone_pickaxe":2,"scalinghealth:power_crystal_shard":14,"minecraft:moss_block":3,"minecraft:furnace":2,"minecraft:stick":2,"minecraft:raw_iron":4,"scalinghealth:heart_crystal_shard":16,"minecraft:torch":2,"minecraft:porkchop":8,"minecraft:spider_eye":1,"minecraft:stone_sword":1,"minecraft:rotten_flesh":1,"minecraft:oak_sapling":1,"minecraft:mutton":11,"minecraft:coal":11,"minecraft:white_wool":7,"minecraft:cobblestone":149}},"DataVersion":3465}