{"stats":{"minecraft:used":{"minecraft:moss_block":3,"minecraft:stone_sword":144,"minecraft:stone_pickaxe":66,"minecraft:wooden_pickaxe":11,"minecraft:torch":2,"minecraft:dirt":6,"minecraft:mutton":1,"minecraft:crafting_table":3,"minecraft:beef":5,"minecraft:furnace":2,"minecraft:cooked_beef":5},"minecraft:killed_by":{"minecraft:skeleton":1,"minecraft:zombie":1},"minecraft:crafted":{"minecraft:cooked_beef":13,"minecraft:oak_planks":16,"minecraft:crafting_table":2,"minecraft:wooden_pickaxe":1,"minecraft:furnace":1,"minecraft:air":0,"minecraft:stick":4,"minecraft:stone_pickaxe":1,"minecraft:stone_sword":1,"minecraft:torch":4},"minecraft:mined":{"minecraft:crafting_table":2,"minecraft:grass_block":2,"minecraft:jungle_log":1,"minecraft:tall_grass":6,"minecraft:furnace":2,"minecraft:iron_ore":2,"minecraft:andesite":21,"minecraft:grass":58,"minecraft:oak_log":2,"minecraft:dirt":17,"minecraft:stone":41,"minecraft:oak_leaves":4,"minecraft:fern":3},"minecraft:custom":{"minecraft:interact_with_furnace":11,"minecraft:mob_kills":40,"minecraft:interact_with_crafting_table":5,"minecraft:time_since_death":910,"minecraft:climb_one_cm":1100,"minecraft:time_since_rest":939,"champions:champion_mobs_killed":7,"minecraft:sprint_one_cm":93384,"minecraft:damage_taken":1086,"minecraft:walk_one_cm":41362,"minecraft:drop":5,"minecraft:damage_dealt":4577,"minecraft:swim_one_cm":43280,"minecraft:fly_one_cm":274180,"minecraft:open_chest":4,"minecraft:crouch_one_cm":3384,"minecraft:play_time":29637,"minecraft:deaths":2,"minecraft:sneak_time":2081,"minecraft:walk_under_water_one_cm":3577,"minecraft:jump":1166,"minecraft:walk_on_water_one_cm":10198,"minecraft:total_world_time":29637,"minecraft:fall_one_cm":33125},"minecraft:dropped":{"minecraft:wheat_seeds":6,"minecraft:wooden_pickaxe":1},"minecraft:killed":{"minecraft:pig":5,"minecraft:spider":3,"majruszsdifficulty:cursed_armor":1,"minecraft:skeleton":1,"minecraft:sheep":8,"minecraft:zombie":2,"minecraft:cow":20},"minecraft:picked_up":{"minecraft:crafting_table":3,"minecraft:cooked_beef":12,"minecraft:jungle_log":1,"minecraft:andesite":42,"minecraft:leather":30,"minecraft:enchanted_book":1,"minecraft:oak_log":4,"minecraft:dirt":34,"minecraft:string":1,"minecraft:paper":5,"minecraft:coast_armor_trim_smithing_template":2,"minecraft:wheat_seeds":7,"minecraft:beef":87,"minecraft:stone_pickaxe":1,"scalinghealth:power_crystal_shard":14,"minecraft:moss_block":3,"minecraft:furnace":2,"minecraft:stick":2,"minecraft:raw_iron":4,"scalinghealth:heart_crystal_shard":16,"minecraft:torch":2,"minecraft:porkchop":8,"minecraft:spider_eye":1,"minecraft:stone_sword":1,"minecraft:rotten_flesh":1,"minecraft:mutton":11,"minecraft:coal":4,"minecraft:white_wool":7,"minecraft:cobblestone":69}},"DataVersion":3465}