{"stats":{"minecraft:crafted":{"minecraft:oak_planks":36,"minecraft:crafting_table":1,"minecraft:stick":8,"minecraft:wooden_pickaxe":1,"minecraft:stone_pickaxe":1,"minecraft:stone_sword":1,"minecraft:furnace":1,"minecraft:cooked_mutton":4,"minecraft:air":0},"minecraft:dropped":{"minecraft:wheat_seeds":1,"minecraft:bone":2},"minecraft:mined":{"minecraft:furnace":1,"minecraft:crafting_table":2,"minecraft:grass":12,"minecraft:grass_block":1,"minecraft:oak_log":9,"minecraft:stone":21,"minecraft:oak_leaves":15,"minecraft:fern":1},"minecraft:custom":{"minecraft:time_since_rest":16075,"champions:champion_mobs_killed":9,"minecraft:interact_with_furnace":5,"minecraft:sprint_one_cm":26032,"minecraft:damage_absorbed":240,"minecraft:damage_taken":773,"minecraft:walk_one_cm":24485,"minecraft:mob_kills":18,"minecraft:drop":2,"minecraft:damage_dealt":5729,"minecraft:swim_one_cm":2365,"minecraft:interact_with_crafting_table":3,"minecraft:fly_one_cm":203660,"minecraft:crouch_one_cm":2076,"minecraft:play_time":16075,"minecraft:sneak_time":2048,"minecraft:walk_under_water_one_cm":2029,"minecraft:jump":400,"minecraft:walk_on_water_one_cm":5191,"minecraft:time_since_death":16075,"minecraft:climb_one_cm":3221,"minecraft:total_world_time":16075,"minecraft:fall_one_cm":14948},"minecraft:picked_up":{"minecraft:crafting_table":2,"minecraft:chicken":1,"minecraft:potato":1,"minecraft:porkchop":3,"minecraft:sand":3,"minecraft:oak_log":9,"minecraft:spider_eye":1,"minecraft:string":3,"minecraft:dirt":1,"minecraft:zombie_head":1,"minecraft:rotten_flesh":5,"mutantmonsters:hulk_hammer":1,"minecraft:arrow":3,"minecraft:bone":6,"minecraft:apple":1,"minecraft:wheat_seeds":2,"minecraft:oak_sapling":1,"minecraft:mutton":6,"minecraft:white_wool":4,"minecraft:cobblestone":21,"minecraft:furnace":1},"minecraft:killed":{"minecraft:skeleton":3,"minecraft:sheep":4,"minecraft:zombie":2,"minecraft:pig":1,"minecraft:chicken":1,"minecraft:spider":2,"mutantmonsters:mutant_zombie":1,"minecraft:creeper":1},"minecraft:used":{"minecraft:cooked_mutton":1,"advancednetherite:netherite_diamond_sword":40,"minecraft:stone_sword":15,"minecraft:stone_pickaxe":11,"minecraft:wooden_pickaxe":33,"minecraft:golden_apple":5,"mutantmonsters:mutant_zombie_spawn_egg":1,"minecraft:dirt":1,"minecraft:golden_carrot":2,"scalinghealth:heart_crystal":7,"mutantmonsters:hulk_hammer":5,"minecraft:crafting_table":2,"minecraft:furnace":1,"scalinghealth:cursed_heart":9}},"DataVersion":3465}