{"stats":{"minecraft:picked_up":{"minecraft:crafting_table":9,"minecraft:azure_bluet":5,"minecraft:anvil":1,"alexscaves:sweetish_fish_blue":1,"minecraft:wooden_pickaxe":2,"alexscaves:caramel":2,"minecraft:gold_block":3,"gravestone:obituary":2,"vampirism:holy_water_bottle_normal":1,"minecraft:string":21,"minecraft:raw_copper":15,"vampirism:obi_belt":2,"minecraft:cobbled_deepslate":592,"minecraft:beef":27,"minecraft:oak_boat":2,"alexscaves:wafer_cookie_wall":1,"minecraft:chest":2,"minecraft:egg":1,"minecraft:furnace":5,"iceandfire:pixie_dust":3,"minecraft:raw_iron":83,"minecraft:stick":4,"iceandfire:ghost_chest":1,"minecraft:oak_door":2,"alexscaves:wafer_cookie_block":1,"minecraft:copper_ingot":1,"minecraft:torch":5,"sophisticatedbackpacks:backpack":1,"minecraft:porkchop":21,"alexscaves:licoroot_vine":2,"minecraft:cherry_log":5,"vampirism:vampire_fang":2,"minecraft:diorite":30,"minecraft:trident":1,"alexscaves:sweetish_fish_yellow":1,"iceandfire:silver_ingot":2,"vampirism:blood_bottle":7,"minecraft:arrow":15,"minecraft:rotten_flesh":36,"alexscaves:block_of_chocolate":5,"minecraft:iron_block":2,"sophisticatedbackpacks:copper_backpack":1,"minecraft:mutton":5,"minecraft:obsidian":8,"minecraft:rail":1,"minecraft:skeleton_skull":1,"minecraft:white_wool":1,"minecraft:cobblestone":798,"minecraft:pink_petals":8,"vampirism:vampire_book":3,"vampirism:vampire_blood_bottle":2,"minecraft:cooked_beef":1,"vampirism:item_tent":1,"minecraft:glow_ink_sac":1,"minecraft:andesite":2,"minecraft:salmon":5,"minecraft:leather":11,"minecraft:smoker":1,"artifacts:onion_ring":1,"minecraft:flint":1,"minecraft:tuff":9,"minecraft:oak_log":40,"iceandfire:ectoplasm":4,"alexscaves:sundrop":2,"minecraft:gunpowder":12,"minecraft:lapis_lazuli":17,"minecraft:dirt":27,"minecraft:bone":41,"vampirism:human_heart":5,"minecraft:stone_bricks":7,"iceandfire:pixie_jar_empty":1,"minecraft:bow":1,"minecraft:wheat_seeds":13,"vampirism:altar_pillar":14,"minecraft:iron_ingot":20,"minecraft:stone_pickaxe":2,"minecraft:cobweb":6,"alexscaves:candy_cane":3,"minecraft:glass_bottle":2,"minecraft:oak_planks":61,"minecraft:iron_sword":2,"minecraft:book":30,"alexscaves:gingerbread_crumbs":4,"minecraft:cooked_porkchop":5,"vampirism:fire_place":2,"minecraft:quartz":12,"vampirism:ring":3,"minecraft:gravel":7,"minecraft:sand":37,"minecraft:grass_block":4,"vampirism:altar_infusion":1,"minecraft:spider_eye":1,"minecraft:mossy_cobblestone":1,"alexsmobs:raw_catfish":5,"minecraft:diamond":11,"vampirism:altar_tip":4,"minecraft:granite":25,"minecraft:gray_wool":1,"minecraft:bread":24,"alexscaves:cave_map":1,"minecraft:oak_sapling":2,"iceandfire:silver_nugget":6,"minecraft:coal":56,"minecraft:ender_pearl":1},"minecraft:broken":{"easy_hammers:stone_hammer":1,"minecraft:stone_pickaxe":1,"minecraft:stone_axe":1,"minecraft:iron_sword":1},"minecraft:crafted":{"minecraft:cherry_planks":4,"minecraft:oak_door":3,"easy_hammers:iron_hammer":1,"minecraft:oak_planks":160,"vampirism:altar_cleansing":1,"minecraft:furnace":2,"easy_hammers:stone_hammer":2,"minecraft:stone":26,"minecraft:glass_pane":16,"vampirism:injection_empty":1,"minecraft:glass":18,"vampirism:blood_sieve":1,"minecraft:quartz_block":1,"minecraft:hopper":1,"alexscaves:peppermint_powder":6,"minecraft:diamond_leggings":1,"minecraft:iron_boots":2,"vampirism:altar_inspiration":1,"minecraft:stone_pickaxe":1,"minecraft:chest":5,"vampirism:blood_grinder":1,"minecraft:stone_bricks":12,"minecraft:cooked_beef":5,"vampirism:totem_top_crafted":1,"minecraft:diamond_sword":1,"sophisticatedbackpacks:backpack":2,"minecraft:cauldron":1,"minecraft:cooked_porkchop":4,"minecraft:crafting_table":4,"minecraft:wooden_pickaxe":1,"minecraft:iron_sword":2,"minecraft:cooked_salmon":1,"minecraft:bucket":1,"minecraft:stone_axe":1,"minecraft:air":0,"vampirism:altar_pillar":2,"minecraft:oak_boat":1,"minecraft:iron_chestplate":2,"minecraft:charcoal":2,"minecraft:shield":2,"minecraft:stick":28,"minecraft:iron_ingot":39,"minecraft:iron_pickaxe":1,"vampirism:blood_container":2,"minecraft:torch":36,"minecraft:shears":1},"minecraft:used":{"vampirism:heart_seeker_enhanced":14,"minecraft:chest":4,"minecraft:shield":16,"easy_hammers:stone_hammer":224,"minecraft:iron_sword":248,"vampirism:blood_container":1,"minecraft:cooked_salmon":1,"minecraft:oak_door":1,"minecraft:torch":40,"minecraft:dirt":24,"minecraft:anvil":1,"minecraft:tuff":2,"alexscaves:block_of_chocolate":2,"vampirism:item_tent":1,"vampirism:totem_top_crafted":1,"easy_hammers:iron_hammer":10,"iceandfire:ghost_chest":1,"vampirism:blood_sieve":1,"minecraft:beef":1,"minecraft:furnace":6,"alexscaves:wafer_cookie_block":1,"minecraft:egg":1,"minecraft:cooked_beef":6,"minecraft:cobbled_deepslate":321,"iceandfire:pixie_jar_empty":1,"vampirism:fire_place":2,"minecraft:water_bucket":15,"minecraft:diorite":5,"vampirism:altar_inspiration":1,"minecraft:oak_planks":20,"minecraft:stone_pickaxe":110,"minecraft:wooden_pickaxe":34,"vampirism:human_heart":3,"vampirism:blood_grinder":1,"minecraft:glow_berries":1,"minecraft:crafting_table":10,"minecraft:smoker":1,"minecraft:apple":11,"minecraft:iron_pickaxe":44,"minecraft:bread":7,"alexscaves:sundrop":2,"vampirism:altar_pillar":2,"alexscaves:candy_cane":2,"minecraft:stone_axe":88,"minecraft:diamond_sword":292,"minecraft:cobblestone":258,"vampirism:altar_cleansing":1,"minecraft:cooked_porkchop":7,"minecraft:bucket":16,"minecraft:oak_boat":2,"alexsmobs:animal_dictionary":3},"minecraft:custom":{"minecraft:interact_with_anvil":1,"minecraft:mob_kills":159,"minecraft:interact_with_crafting_table":51,"minecraft:open_barrel":14,"minecraft:damage_dealt_resisted":1111,"minecraft:leave_game":6,"minecraft:time_since_death":860658,"minecraft:climb_one_cm":3307,"vampirism:amount_bitten":190,"vampirism:tasks_completed":1,"minecraft:damage_blocked_by_shield":570,"minecraft:sprint_one_cm":921751,"minecraft:walk_one_cm":637702,"minecraft:drop":57,"vampirism:interact_with_totem":9,"vampirism:skills_unlocked":2,"vampirism:capture_village":1,"minecraft:talked_to_villager":16,"vampirism:interact_with_altar_inspiration":11,"minecraft:play_time":860658,"minecraft:sneak_time":15914,"minecraft:walk_under_water_one_cm":82277,"minecraft:boat_one_cm":250083,"minecraft:jump":7608,"minecraft:walk_on_water_one_cm":50918,"vampirism:interact_with_blood_grinder":13,"minecraft:total_world_time":865181,"vampirism:win_village_capture":1,"vampirism:blood_drunk":45900,"vampirism:altar_of_inspiration_rituals_performed":11,"minecraft:interact_with_furnace":57,"minecraft:interact_with_cartography_table":1,"minecraft:interact_with_loom":7,"minecraft:sleep_in_bed":2,"minecraft:time_since_rest":425415,"minecraft:waystone_activated":3,"minecraft:damage_taken":201939,"minecraft:trigger_trapped_chest":2,"vampirism:tasks_accepted":1,"minecraft:damage_dealt":29347,"minecraft:swim_one_cm":400304,"minecraft:fly_one_cm":1724873,"minecraft:open_chest":76,"minecraft:crouch_one_cm":50300,"minecraft:interact_with_smoker":4,"minecraft:fall_one_cm":234358,"minecraft:horse_one_cm":863},"minecraft:dropped":{"minecraft:iron_ingot":13,"minecraft:iron_sword":3,"minecraft:porkchop":9,"minecraft:wheat_seeds":2,"minecraft:mossy_cobblestone":1,"minecraft:glass_bottle":2,"minecraft:cooked_porkchop":2,"minecraft:cobblestone":177,"vampirism:basic_crossbow":1,"minecraft:rail":1,"minecraft:mutton":1,"alexscaves:cave_map":1,"vampirism:ring":1,"minecraft:paper":1,"minecraft:string":8,"minecraft:pink_petals":4,"minecraft:bone":4,"minecraft:gravel":6,"minecraft:cobbled_deepslate":151,"minecraft:raw_copper":5,"vampirism:holy_water_bottle_normal":1,"minecraft:rotten_flesh":7,"minecraft:iron_boots":1,"minecraft:oak_planks":27,"sophisticatedbackpacks:backpack":1,"minecraft:azure_bluet":5,"minecraft:filled_map":1,"minecraft:shield":1,"minecraft:iron_chestplate":1,"minecraft:andesite":2,"minecraft:oak_sapling":4,"artifacts:onion_ring":1,"minecraft:stone_pickaxe":2,"minecraft:wooden_pickaxe":3},"minecraft:killed":{"vampirism:vampire":1,"vampirism:advanced_vampire":2,"alexsmobs:raccoon":1,"minecraft:spider":8,"vampirism:advanced_hunter_imob":2,"minecraft:phantom":1,"minecraft:skeleton":20,"vampirism:task_master_hunter":1,"vampirism:hunter_imob":6,"minecraft:silverfish":8,"alexsmobs:centipede_head":1,"minecraft:drowned":4,"alexsmobs:skreecher":1,"minecraft:cat":2,"minecraft:pig":4,"minecraft:zombie_villager":1,"minecraft:salmon":5,"minecraft:iron_golem":2,"minecraft:bat":1,"minecraft:creeper":7,"alexscaves:gingerbread_man":8,"vampirism:hunter":3,"vampirism:vampire_imob":3,"alexscaves:caramel_cube":4,"alexsmobs:catfish":3,"minecraft:zombie":28,"iceandfire:ghost":1,"alexsmobs:terrapin":1,"minecraft:enderman":4,"minecraft:cow":7,"alexscaves:gumbeeper":2},"minecraft:mined":{"minecraft:tuff":8,"minecraft:mossy_cobblestone":1,"minecraft:deepslate_diamond_ore":11,"minecraft:oak_door":1,"minecraft:cherry_log":5,"vampirism:altar_pillar":14,"minecraft:granite":4,"minecraft:grass_block":23,"alexscaves:sundrop":1,"alexscaves:sprinkles":1,"minecraft:furnace":4,"minecraft:iron_ore":16,"minecraft:cobbled_deepslate":22,"minecraft:andesite":2,"minecraft:anvil":1,"minecraft:azure_bluet":1,"minecraft:vine":1,"minecraft:bookshelf":11,"vampirism:altar_infusion":1,"minecraft:deepslate_iron_ore":17,"minecraft:stone":156,"iceandfire:pixie_jar_empty":1,"minecraft:glass_pane":1,"alexscaves:lollipop_bunch":1,"minecraft:crafting_table":7,"minecraft:torch":3,"iceandfire:ghost_chest":1,"minecraft:chest":2,"minecraft:copper_ore":1,"minecraft:tall_grass":19,"minecraft:cobblestone":17,"minecraft:lapis_ore":1,"minecraft:oak_planks":7,"alexscaves:block_of_frosted_chocolate":4,"minecraft:wall_torch":1,"minecraft:diorite":5,"minecraft:pink_petals":5,"alexscaves:cake_layer":1,"alexscaves:wafer_cookie_block":1,"vampirism:totem_top":1,"minecraft:grass":63,"minecraft:coal_ore":29,"minecraft:oak_log":10,"iceandfire:silver_pile":1,"vampirism:fire_place":2,"minecraft:gravel":3,"minecraft:dirt":5,"minecraft:cobweb":5,"alexscaves:candy_cane":2,"alexscaves:block_of_chocolate":1,"minecraft:deepslate":53,"minecraft:oak_leaves":5,"vampirism:altar_tip":4}},"DataVersion":3465}