{"stats":{"minecraft:custom":{"minecraft:mob_kills":70,"minecraft:interact_with_crafting_table":76,"minecraft:bell_ring":8,"minecraft:leave_game":5,"minecraft:time_since_death":212934,"minecraft:climb_one_cm":170,"minecraft:sprint_one_cm":437564,"minecraft:damage_blocked_by_shield":1738,"minecraft:walk_one_cm":529621,"minecraft:drop":14,"minecraft:talked_to_villager":6,"minecraft:play_time":212934,"minecraft:sneak_time":14971,"minecraft:walk_under_water_one_cm":7499,"minecraft:jump":4159,"minecraft:interact_with_blast_furnace":1,"minecraft:walk_on_water_one_cm":25239,"minecraft:total_world_time":212934,"minecraft:interact_with_furnace":69,"minecraft:traded_with_villager":18,"minecraft:interact_with_stonecutter":2,"minecraft:sleep_in_bed":12,"minecraft:time_since_rest":22247,"minecraft:damage_taken":2000,"minecraft:damage_absorbed":40,"minecraft:damage_dealt":10098,"minecraft:swim_one_cm":16352,"minecraft:fly_one_cm":872940,"minecraft:open_chest":65,"minecraft:crouch_one_cm":42607,"minecraft:interact_with_smoker":7,"minecraft:fall_one_cm":108015},"minecraft:picked_up":{"minecraft:crafting_table":11,"minecraft:oak_stairs":3,"minecraft:potion":1,"minecraft:string":3,"minecraft:dark_oak_trapdoor":1,"minecraft:cooked_salmon":14,"minecraft:cobbled_deepslate":52,"minecraft:beef":20,"minecraft:sugar_cane":68,"minecraft:chest":3,"minecraft:birch_sapling":8,"minecraft:furnace":14,"minecraft:egg":8,"minecraft:dark_oak_door":1,"minecraft:dark_oak_sapling":5,"minecraft:stick":18,"minecraft:raw_iron":56,"minecraft:sandstone":60,"minecraft:stone":8,"minecraft:oak_fence":3,"minecraft:torch":5,"minecraft:acacia_log":1,"minecraft:porkchop":16,"minecraft:prismarine_crystals":12,"minecraft:dark_oak_planks":19,"minecraft:tnt":4,"minecraft:arrow":18,"minecraft:rotten_flesh":11,"minecraft:shears":3,"minecraft:hay_block":2,"minecraft:sandstone_stairs":2,"minecraft:gold_ingot":20,"minecraft:obsidian":3,"minecraft:mutton":20,"minecraft:cobblestone":119,"minecraft:white_wool":27,"minecraft:birch_log":58,"minecraft:cooked_beef":12,"minecraft:lilac":5,"minecraft:water_bucket":1,"minecraft:leather":31,"minecraft:smoker":6,"minecraft:potato":27,"minecraft:birch_planks":128,"minecraft:flint":2,"minecraft:tuff":3,"minecraft:oak_log":88,"minecraft:cobblestone_wall":3,"minecraft:dirt":622,"minecraft:bone":26,"minecraft:apple":2,"minecraft:stonecutter":1,"minecraft:wheat_seeds":52,"minecraft:raw_gold":17,"minecraft:heart_of_the_sea":2,"minecraft:iron_ingot":62,"minecraft:iron_sword":2,"minecraft:oak_planks":43,"minecraft:cooked_porkchop":1,"minecraft:dandelion":1,"minecraft:oak_pressure_plate":1,"minecraft:raw_iron_block":1,"minecraft:gravel":34,"minecraft:sand":1651,"minecraft:blast_furnace":6,"minecraft:white_bed":3,"minecraft:dark_oak_log":86,"minecraft:spider_eye":2,"minecraft:mossy_cobblestone":3,"minecraft:bundle":1,"minecraft:diamond":6,"minecraft:stone_axe":3,"minecraft:golden_apple":2,"minecraft:emerald":6,"minecraft:oak_sapling":9,"minecraft:coal":133,"minecraft:sunflower":33},"minecraft:used":{"minecraft:oak_fence":1,"minecraft:stone_sword":30,"minecraft:iron_shovel":2245,"minecraft:chest":17,"minecraft:shield":54,"minecraft:iron_sword":151,"minecraft:stone":8,"minecraft:iron_chestplate":1,"minecraft:torch":53,"minecraft:dirt":302,"minecraft:cobblestone_wall":17,"minecraft:tuff":2,"minecraft:glass":28,"minecraft:dark_oak_planks":233,"minecraft:iron_axe":343,"minecraft:oak_stairs":1,"minecraft:iron_helmet":1,"minecraft:iron_boots":1,"minecraft:oak_sapling":5,"minecraft:furnace":15,"minecraft:egg":3,"minecraft:cooked_beef":18,"minecraft:cobbled_deepslate":4,"minecraft:water_bucket":18,"minecraft:sandstone_stairs":6,"minecraft:birch_planks":86,"minecraft:oak_planks":8,"minecraft:stone_pickaxe":68,"minecraft:wooden_pickaxe":8,"minecraft:sandstone":456,"minecraft:fletching_table":1,"minecraft:stonecutter":2,"minecraft:golden_apple":1,"minecraft:dark_oak_trapdoor":3,"minecraft:sand":2,"minecraft:blast_furnace":6,"minecraft:crafting_table":12,"minecraft:white_bed":4,"minecraft:dark_oak_door":3,"minecraft:smoker":7,"minecraft:oak_log":6,"minecraft:diamond_pickaxe":19,"minecraft:iron_pickaxe":269,"minecraft:oak_pressure_plate":1,"minecraft:gravel":34,"minecraft:lilac":1,"minecraft:stone_axe":9,"minecraft:cobblestone":14,"minecraft:cooked_porkchop":15,"minecraft:bucket":19,"minecraft:sandstone_slab":6,"minecraft:birch_log":4,"minecraft:dandelion":1},"minecraft:killed":{"minecraft:spider":5,"minecraft:skeleton":21,"minecraft:pig":9,"minecraft:creeper":1,"minecraft:sheep":3,"minecraft:zombie":13,"minecraft:cow":11},"minecraft:dropped":{"minecraft:wheat_seeds":4,"minecraft:lilac":4,"minecraft:dark_oak_sapling":3,"minecraft:sunflower":29,"minecraft:stone_sword":1,"minecraft:oak_planks":19,"minecraft:wooden_pickaxe":1,"minecraft:stone_pickaxe":1},"minecraft:mined":{"minecraft:dark_oak_planks":7,"minecraft:tuff":5,"minecraft:white_bed":3,"minecraft:mossy_cobblestone":1,"minecraft:dark_oak_leaves":4,"minecraft:deepslate_diamond_ore":6,"minecraft:dark_oak_log":86,"minecraft:obsidian":3,"minecraft:acacia_log":1,"minecraft:grass_block":494,"minecraft:sandstone":59,"minecraft:sandstone_stairs":2,"minecraft:hay_block":1,"minecraft:raw_iron_block":1,"minecraft:furnace":11,"minecraft:dark_oak_trapdoor":1,"minecraft:iron_ore":20,"minecraft:cobbled_deepslate":2,"minecraft:deepslate_iron_ore":36,"minecraft:oak_stairs":2,"minecraft:stone":116,"minecraft:acacia_leaves":3,"minecraft:glass_pane":1,"minecraft:smoker":6,"minecraft:dandelion":2,"minecraft:oak_fence":2,"minecraft:crafting_table":11,"minecraft:torch":1,"minecraft:short_grass":202,"minecraft:blast_furnace":6,"minecraft:chest":2,"minecraft:tall_grass":39,"minecraft:cobblestone":3,"minecraft:deepslate_gold_ore":15,"minecraft:sugar_cane":13,"minecraft:oak_planks":9,"minecraft:wall_torch":2,"minecraft:birch_planks":82,"minecraft:cobblestone_wall":3,"minecraft:dark_oak_door":1,"minecraft:birch_log":34,"minecraft:lilac":4,"minecraft:birch_leaves":4,"minecraft:oak_log":89,"minecraft:coal_ore":43,"minecraft:sunflower":20,"minecraft:gravel":36,"minecraft:sand":1666,"minecraft:dirt":22,"minecraft:stonecutter":1,"minecraft:gold_ore":2,"minecraft:oak_leaves":21,"minecraft:deepslate":22},"minecraft:crafted":{"minecraft:oak_planks":328,"minecraft:raw_iron":9,"minecraft:furnace":6,"minecraft:dark_oak_trapdoor":2,"minecraft:stone":3,"minecraft:dark_oak_door":3,"minecraft:glass":28,"minecraft:iron_boots":1,"minecraft:iron_axe":2,"minecraft:stone_pickaxe":1,"minecraft:cobblestone_wall":20,"minecraft:chest":14,"minecraft:bundle":1,"minecraft:dark_oak_planks":340,"minecraft:smoker":1,"minecraft:cooked_beef":6,"minecraft:emerald":18,"minecraft:cooked_porkchop":14,"minecraft:crafting_table":2,"minecraft:wooden_pickaxe":1,"minecraft:iron_helmet":1,"minecraft:iron_sword":1,"minecraft:raw_gold_block":1,"minecraft:sandstone_slab":6,"minecraft:fletching_table":1,"minecraft:bucket":1,"minecraft:birch_planks":104,"minecraft:stone_axe":1,"minecraft:air":0,"minecraft:iron_chestplate":1,"minecraft:golden_apple":2,"minecraft:diamond_pickaxe":1,"minecraft:shield":1,"minecraft:raw_gold":9,"minecraft:stick":620,"minecraft:iron_ingot":92,"minecraft:iron_pickaxe":2,"minecraft:iron_block":3,"minecraft:stone_sword":1,"minecraft:iron_shovel":9,"minecraft:iron_leggings":1,"minecraft:gold_ingot":17,"minecraft:sandstone":405,"minecraft:stonecutter":1,"minecraft:white_bed":1,"minecraft:acacia_planks":4,"minecraft:torch":48,"minecraft:shears":1,"minecraft:sandstone_stairs":4},"minecraft:broken":{"minecraft:iron_shovel":8,"minecraft:iron_axe":1,"minecraft:iron_pickaxe":1}},"DataVersion":4082}