{"stats":{"minecraft:crafted":{"minecraft:oak_planks":36,"minecraft:crafting_table":1,"minecraft:wooden_pickaxe":1,"minecraft:furnace":1,"minecraft:cooked_mutton":4,"minecraft:air":0,"minecraft:stick":8,"minecraft:stone_pickaxe":1,"minecraft:stone_sword":1},"minecraft:dropped":{"minecraft:wheat_seeds":1,"minecraft:bone":2},"minecraft:mined":{"minecraft:crafting_table":2,"minecraft:grass_block":1,"minecraft:furnace":1,"minecraft:grass":12,"minecraft:oak_log":9,"minecraft:stone":21,"minecraft:oak_leaves":15,"minecraft:fern":1},"minecraft:custom":{"minecraft:interact_with_furnace":5,"minecraft:mob_kills":25,"minecraft:interact_with_crafting_table":3,"minecraft:time_since_death":28075,"minecraft:climb_one_cm":3557,"minecraft:time_since_rest":28075,"champions:champion_mobs_killed":16,"minecraft:sprint_one_cm":46964,"minecraft:walk_one_cm":46107,"minecraft:damage_taken":3200,"minecraft:damage_absorbed":602,"minecraft:damage_blocked_by_shield":125,"minecraft:drop":2,"minecraft:damage_dealt":18574,"minecraft:swim_one_cm":4044,"minecraft:fly_one_cm":467268,"minecraft:crouch_one_cm":2349,"minecraft:play_time":28075,"minecraft:sneak_time":2694,"minecraft:walk_under_water_one_cm":2809,"minecraft:jump":868,"minecraft:walk_on_water_one_cm":8167,"minecraft:total_world_time":28075,"minecraft:fall_one_cm":33500},"minecraft:picked_up":{"minecraft:crafting_table":2,"minecraft:chicken":1,"minecraft:potato":1,"minecraft:oak_log":9,"minecraft:gunpowder":7,"scalinghealth:heart_crystal":2,"minecraft:dirt":15,"minecraft:string":3,"minecraft:bone":8,"minecraft:zombie_head":1,"minecraft:apple":1,"minecraft:wheat_seeds":2,"minecraft:ender_eye":6,"minecraft:bamboo":4,"minecraft:furnace":1,"minecraft:sandstone":18,"minecraft:porkchop":3,"minecraft:sand":90,"minecraft:spider_eye":1,"mutantmonsters:hulk_hammer":1,"minecraft:arrow":8,"minecraft:rotten_flesh":8,"minecraft:oak_sapling":1,"minecraft:mutton":6,"minecraft:white_wool":4,"minecraft:cobblestone":22,"minecraft:ender_pearl":2},"minecraft:killed":{"minecraft:pig":1,"minecraft:spider":2,"mutantmonsters:mutant_skeleton":1,"minecraft:creeper":1,"minecraft:sheep":4,"minecraft:skeleton":5,"mutantmonsters:mutant_enderman":1,"minecraft:zombie":4,"minecraft:chicken":1,"mutantmonsters:mutant_zombie":1,"mutantmonsters:mutant_creeper":1},"minecraft:used":{"minecraft:cooked_mutton":1,"advancednetherite:netherite_diamond_sword":158,"minecraft:stone_sword":15,"minecraft:stone_pickaxe":11,"minecraft:wooden_pickaxe":33,"minecraft:shield":8,"mutantmonsters:mutant_skeleton_spawn_egg":1,"minecraft:golden_apple":14,"minecraft:dirt":1,"scalinghealth:heart_crystal":17,"minecraft:crafting_table":2,"scalinghealth:cursed_heart":36,"minecraft:ender_eye":14,"mutantmonsters:mutant_creeper_spawn_egg":1,"mutantmonsters:mutant_enderman_spawn_egg":1,"mutantmonsters:mutant_zombie_spawn_egg":1,"minecraft:golden_carrot":8,"mutantmonsters:hulk_hammer":5,"minecraft:furnace":1,"minecraft:end_portal_frame":15}},"DataVersion":3465}