{"stats":{"minecraft:crafted":{"minecraft:oak_planks":36,"minecraft:crafting_table":1,"minecraft:stick":4,"minecraft:wooden_pickaxe":1},"minecraft:mined":{"minecraft:grass":11,"minecraft:oak_log":9,"minecraft:stone":10,"minecraft:crafting_table":1,"minecraft:oak_leaves":12,"minecraft:fern":1},"minecraft:custom":{"minecraft:time_since_rest":4075,"minecraft:crouch_one_cm":1439,"minecraft:play_time":4075,"minecraft:sprint_one_cm":8850,"minecraft:damage_taken":20,"minecraft:walk_one_cm":4777,"minecraft:sneak_time":1146,"minecraft:mob_kills":6,"minecraft:jump":78,"minecraft:damage_dealt":460,"minecraft:time_since_death":4075,"minecraft:total_world_time":4075,"minecraft:climb_one_cm":1689,"minecraft:interact_with_crafting_table":1,"minecraft:fly_one_cm":12182,"minecraft:fall_one_cm":2917},"minecraft:picked_up":{"minecraft:crafting_table":1,"minecraft:chicken":1,"minecraft:porkchop":3,"minecraft:oak_log":9,"minecraft:mutton":5,"minecraft:white_wool":4,"minecraft:cobblestone":10},"minecraft:killed":{"minecraft:sheep":4,"minecraft:pig":1,"minecraft:chicken":1},"minecraft:used":{"minecraft:crafting_table":1,"minecraft:wooden_pickaxe":31}},"DataVersion":3465}