{"stats":{"minecraft:custom":{"minecraft:mob_kills":95,"minecraft:interact_with_crafting_table":83,"minecraft:bell_ring":8,"minecraft:leave_game":8,"minecraft:time_since_death":266173,"minecraft:climb_one_cm":260,"minecraft:sprint_one_cm":584313,"minecraft:damage_blocked_by_shield":2292,"minecraft:walk_one_cm":667078,"minecraft:drop":14,"minecraft:talked_to_villager":6,"minecraft:play_time":266173,"minecraft:sneak_time":18414,"minecraft:walk_under_water_one_cm":13294,"minecraft:jump":5141,"minecraft:interact_with_blast_furnace":1,"minecraft:walk_on_water_one_cm":29025,"minecraft:total_world_time":266173,"minecraft:interact_with_furnace":79,"minecraft:traded_with_villager":18,"minecraft:interact_with_stonecutter":3,"minecraft:sleep_in_bed":15,"minecraft:time_since_rest":8821,"minecraft:damage_taken":2667,"minecraft:damage_absorbed":79,"minecraft:damage_dealt":14411,"minecraft:swim_one_cm":21553,"minecraft:fly_one_cm":1075007,"minecraft:open_chest":90,"minecraft:crouch_one_cm":55610,"minecraft:interact_with_smoker":10,"minecraft:fall_one_cm":129714},"minecraft:picked_up":{"minecraft:crafting_table":11,"minecraft:oak_stairs":3,"minecraft:potion":1,"minecraft:string":5,"minecraft:dark_oak_trapdoor":3,"minecraft:cooked_salmon":14,"minecraft:cobbled_deepslate":57,"minecraft:beef":20,"minecraft:sugar_cane":68,"minecraft:chest":3,"minecraft:birch_sapling":8,"minecraft:furnace":14,"minecraft:egg":9,"minecraft:dark_oak_door":3,"minecraft:dark_oak_sapling":7,"minecraft:stick":18,"minecraft:raw_iron":56,"minecraft:sandstone":61,"minecraft:stone":8,"minecraft:oak_fence":3,"minecraft:torch":7,"minecraft:acacia_log":1,"minecraft:porkchop":17,"minecraft:prismarine_crystals":12,"minecraft:dark_oak_planks":21,"minecraft:tnt":4,"minecraft:arrow":23,"minecraft:rotten_flesh":22,"minecraft:shears":3,"minecraft:hay_block":2,"minecraft:sandstone_stairs":9,"minecraft:gold_ingot":20,"minecraft:obsidian":3,"minecraft:mutton":23,"minecraft:white_wool":41,"minecraft:cobblestone":121,"minecraft:birch_log":58,"minecraft:cooked_beef":12,"minecraft:lilac":5,"minecraft:water_bucket":1,"minecraft:andesite":2,"minecraft:leather":31,"minecraft:smoker":6,"minecraft:potato":27,"minecraft:birch_planks":128,"minecraft:flint":2,"minecraft:tuff":3,"minecraft:oak_log":88,"minecraft:cobblestone_wall":8,"minecraft:lapis_lazuli":13,"minecraft:dirt":624,"minecraft:bone":29,"minecraft:apple":2,"minecraft:stonecutter":1,"minecraft:wheat_seeds":59,"minecraft:raw_gold":17,"minecraft:heart_of_the_sea":2,"minecraft:iron_ingot":62,"minecraft:iron_sword":2,"minecraft:oak_planks":43,"minecraft:cooked_porkchop":1,"minecraft:dandelion":1,"minecraft:oak_pressure_plate":1,"minecraft:raw_iron_block":1,"minecraft:gravel":34,"minecraft:sand":2132,"minecraft:blast_furnace":6,"minecraft:white_bed":4,"minecraft:dark_oak_log":86,"minecraft:spider_eye":2,"minecraft:mossy_cobblestone":3,"minecraft:bundle":1,"minecraft:diamond":9,"minecraft:stone_axe":3,"minecraft:painting":8,"minecraft:golden_apple":2,"minecraft:emerald":6,"minecraft:oak_sapling":9,"minecraft:coal":152,"minecraft:sunflower":33},"minecraft:used":{"minecraft:oak_fence":1,"minecraft:stone_sword":30,"minecraft:iron_shovel":2718,"minecraft:chest":17,"minecraft:shield":87,"minecraft:iron_sword":238,"minecraft:stone":8,"minecraft:rotten_flesh":19,"minecraft:iron_chestplate":1,"minecraft:torch":64,"minecraft:dirt":303,"minecraft:cobblestone_wall":22,"minecraft:tuff":2,"minecraft:glass":39,"minecraft:dark_oak_planks":303,"minecraft:iron_axe":349,"minecraft:oak_stairs":1,"minecraft:iron_helmet":1,"minecraft:iron_boots":1,"minecraft:oak_sapling":5,"minecraft:furnace":15,"minecraft:egg":4,"minecraft:cooked_beef":20,"minecraft:cobbled_deepslate":4,"minecraft:dark_oak_sapling":4,"minecraft:cooked_mutton":5,"minecraft:water_bucket":25,"minecraft:sandstone_stairs":46,"minecraft:birch_planks":86,"minecraft:oak_planks":8,"minecraft:stone_pickaxe":68,"minecraft:wooden_pickaxe":8,"minecraft:sandstone":492,"minecraft:fletching_table":1,"minecraft:stonecutter":2,"minecraft:white_wool":7,"minecraft:golden_apple":2,"minecraft:dark_oak_trapdoor":5,"minecraft:sand":2,"minecraft:blast_furnace":6,"minecraft:crafting_table":12,"minecraft:white_bed":5,"minecraft:painting":10,"minecraft:dark_oak_door":5,"minecraft:smoker":7,"minecraft:shears":2,"minecraft:oak_log":6,"minecraft:diamond_pickaxe":35,"minecraft:iron_pickaxe":302,"minecraft:oak_pressure_plate":1,"minecraft:gravel":34,"minecraft:lilac":1,"minecraft:stone_axe":9,"minecraft:cobblestone":14,"minecraft:cooked_porkchop":15,"minecraft:bucket":27,"minecraft:sandstone_slab":6,"minecraft:birch_log":4,"minecraft:dandelion":1,"minecraft:bone_meal":64},"minecraft:killed":{"minecraft:spider":8,"minecraft:skeleton":23,"minecraft:pig":10,"minecraft:zombie_villager":1,"minecraft:creeper":2,"minecraft:sheep":5,"minecraft:zombie":28,"minecraft:cow":11},"minecraft:dropped":{"minecraft:wheat_seeds":4,"minecraft:lilac":4,"minecraft:dark_oak_sapling":3,"minecraft:sunflower":29,"minecraft:stone_sword":1,"minecraft:oak_planks":19,"minecraft:wooden_pickaxe":1,"minecraft:stone_pickaxe":1},"minecraft:mined":{"minecraft:dark_oak_planks":9,"minecraft:tuff":7,"minecraft:white_bed":4,"minecraft:mossy_cobblestone":1,"minecraft:dark_oak_leaves":4,"minecraft:deepslate_diamond_ore":9,"minecraft:dark_oak_log":86,"minecraft:obsidian":3,"minecraft:acacia_log":1,"minecraft:grass_block":496,"minecraft:sandstone":60,"minecraft:sandstone_stairs":9,"minecraft:spawner":1,"minecraft:hay_block":1,"minecraft:raw_iron_block":1,"minecraft:furnace":11,"minecraft:dark_oak_trapdoor":3,"minecraft:iron_ore":20,"minecraft:cobbled_deepslate":2,"minecraft:deepslate_iron_ore":36,"minecraft:oak_stairs":2,"minecraft:stone":118,"minecraft:white_wool":7,"minecraft:acacia_leaves":3,"minecraft:flowering_azalea":1,"minecraft:glass_pane":1,"minecraft:smoker":6,"minecraft:dandelion":2,"minecraft:oak_fence":2,"minecraft:crafting_table":11,"minecraft:torch":1,"minecraft:short_grass":251,"minecraft:blast_furnace":6,"minecraft:chest":2,"minecraft:tall_grass":40,"minecraft:cobblestone":3,"minecraft:lapis_ore":2,"minecraft:deepslate_gold_ore":15,"minecraft:oak_planks":9,"minecraft:sugar_cane":13,"minecraft:wall_torch":4,"minecraft:birch_planks":82,"minecraft:cobblestone_wall":8,"minecraft:dark_oak_door":3,"minecraft:birch_log":34,"minecraft:lilac":4,"minecraft:birch_leaves":4,"minecraft:oak_log":89,"minecraft:coal_ore":63,"minecraft:dark_oak_sapling":2,"minecraft:sunflower":20,"minecraft:gravel":36,"minecraft:sand":2150,"minecraft:dirt":23,"minecraft:cobweb":1,"minecraft:stonecutter":1,"minecraft:gold_ore":2,"minecraft:oak_leaves":21,"minecraft:deepslate":28},"minecraft:crafted":{"minecraft:oak_planks":328,"minecraft:raw_iron":9,"minecraft:furnace":6,"minecraft:dark_oak_trapdoor":2,"minecraft:stone":3,"minecraft:bone_meal":78,"minecraft:cooked_mutton":8,"minecraft:dark_oak_door":3,"minecraft:glass":44,"minecraft:iron_boots":1,"minecraft:iron_axe":2,"minecraft:stone_pickaxe":1,"minecraft:cobblestone_wall":20,"minecraft:chest":14,"minecraft:bundle":2,"minecraft:dark_oak_planks":344,"minecraft:smoker":1,"minecraft:cooked_beef":8,"minecraft:emerald":18,"minecraft:cooked_porkchop":14,"minecraft:crafting_table":2,"minecraft:wooden_pickaxe":1,"minecraft:iron_helmet":1,"minecraft:iron_sword":1,"minecraft:raw_gold_block":1,"minecraft:sandstone_slab":6,"minecraft:fletching_table":1,"minecraft:bucket":1,"minecraft:birch_planks":104,"minecraft:stone_axe":1,"minecraft:painting":2,"minecraft:air":0,"minecraft:iron_chestplate":1,"minecraft:golden_apple":2,"minecraft:diamond_pickaxe":1,"minecraft:shield":1,"minecraft:raw_gold":9,"minecraft:stick":648,"minecraft:iron_ingot":92,"minecraft:iron_pickaxe":2,"minecraft:iron_block":3,"minecraft:stone_sword":1,"minecraft:iron_shovel":13,"minecraft:gold_ingot":17,"minecraft:iron_leggings":1,"minecraft:sandstone":473,"minecraft:stonecutter":1,"minecraft:white_bed":1,"minecraft:acacia_planks":4,"minecraft:torch":72,"minecraft:shears":2,"minecraft:sandstone_stairs":37},"minecraft:broken":{"minecraft:iron_shovel":10,"minecraft:iron_axe":1,"minecraft:iron_pickaxe":1}},"DataVersion":4082}