{"stats":{"minecraft:picked_up":{"minecraft:iron_chestplate":1,"minecraft:prismarine_shard":1,"minecraft:lead":2,"alexscaves:caramel":3,"minecraft:oak_stairs":2,"minecraft:stone_brick_stairs":17,"vampirism:pure_salt_water":1,"minecraft:amethyst_block":18,"vampirism:holy_water_bottle_normal":1,"minecraft:string":24,"minecraft:raw_copper":74,"vampirism:obi_belt":2,"minecraft:cobbled_deepslate":3474,"minecraft:calcite":9,"minecraft:coal_block":1,"minecraft:furnace":1,"minecraft:iron_boots":1,"minecraft:stick":4,"artifacts:universal_attractor":2,"alexscaves:wafer_cookie_block":3,"alexscaves:licoroot_vine":6,"minecraft:porkchop":13,"vampirism:vampire_fang":7,"minecraft:pointed_dripstone":8,"minecraft:diorite":198,"vampirism:blood_bottle":2,"minecraft:rotten_flesh":43,"minecraft:obsidian":21,"minecraft:cobblestone":1273,"minecraft:pink_petals":3,"minecraft:magma_block":7,"vampirism:vampire_book":1,"minecraft:andesite":19,"minecraft:smoker":6,"minecraft:flint":5,"minecraft:tuff":358,"artifacts:flame_pendant":1,"minecraft:lapis_lazuli":7,"minecraft:dirt":448,"minecraft:bone":23,"minecraft:bow":1,"minecraft:wheat_seeds":16,"minecraft:raw_gold":8,"minecraft:oak_planks":179,"minecraft:cooked_porkchop":2,"vampirism:ring":2,"iceandfire:shiny_scales":2,"minecraft:sand":39,"minecraft:grass_block":2,"alexscaves:gingerbread_block":1,"minecraft:mossy_cobblestone":1,"minecraft:barrel":1,"alexsmobs:animal_dictionary":1,"minecraft:diamond":36,"vampirism:basic_crossbow":1,"waystones:waystone":4,"alexscaves:sharpened_candy_cane":1,"minecraft:granite":70,"minecraft:emerald":3,"minecraft:bread":64,"alexsmobs:maggot":2,"minecraft:oak_sapling":5,"minecraft:netherrack":16,"iceandfire:raw_silver":3,"minecraft:crafting_table":14,"alexscaves:cake_layer":3,"minecraft:azure_bluet":2,"minecraft:ladder":1,"minecraft:gold_block":4,"gravestone:obituary":1,"minecraft:shield":1,"alexscaves:peppermint_powder":4,"minecraft:iron_shovel":2,"minecraft:candle":3,"minecraft:beef":19,"minecraft:oak_boat":6,"minecraft:poppy":6,"alexscaves:wafer_cookie_wall":3,"minecraft:sugar_cane":37,"minecraft:chest":1,"minecraft:birch_sapling":1,"minecraft:phantom_membrane":6,"minecraft:raw_iron":41,"iceandfire:troll_tusk":1,"minecraft:oak_door":21,"artifacts:charm_of_sinking":2,"minecraft:spruce_fence":1,"sophisticatedbackpacks:backpack":2,"easy_hammers:diamond_hammer":1,"minecraft:redstone":29,"minecraft:prismarine_crystals":2,"minecraft:tnt":3,"minecraft:arrow":24,"alexscaves:sweetish_fish_green":1,"minecraft:hay_block":59,"alexscaves:block_of_chocolate":27,"alexscaves:spelunkery_table":1,"minecraft:mutton":5,"minecraft:rail":3,"minecraft:white_wool":3,"minecraft:stripped_oak_log":3,"vampirism:garlic_diffuser_improved":1,"vampirism:vampire_blood_bottle":2,"vampirism:item_tent":3,"minecraft:glow_ink_sac":1,"minecraft:leather":10,"minecraft:filled_map":1,"artifacts:onion_ring":1,"minecraft:oak_log":294,"minecraft:yellow_bed":3,"minecraft:gunpowder":15,"vampirism:human_heart":1,"alexscaves:rock_candy_yellow":1,"minecraft:stone_bricks":12,"minecraft:iron_ingot":26,"minecraft:oak_fence_gate":1,"alexscaves:candy_cane":5,"vampirism:altar_cleansing":2,"minecraft:iron_sword":1,"minecraft:book":6,"minecraft:oak_slab":34,"alexscaves:gingerbread_crumbs":10,"minecraft:smooth_basalt":8,"minecraft:quartz":12,"minecraft:dripstone_block":6,"minecraft:gravel":21,"minecraft:amethyst_shard":4,"minecraft:blast_furnace":1,"minecraft:white_bed":2,"minecraft:spruce_log":7,"minecraft:spider_eye":3,"artifacts:helium_flamingo":1,"alexsmobs:raw_catfish":3,"vampirism:dark_stone_bricks":4,"alexscaves:cave_map":1,"minecraft:coal":50,"minecraft:ender_pearl":2},"minecraft:custom":{"minecraft:interact_with_crafting_table":98,"minecraft:open_barrel":136,"minecraft:eat_cake_slice":6,"minecraft:leave_game":14,"minecraft:time_since_death":269605,"minecraft:sprint_one_cm":1660447,"minecraft:damage_blocked_by_shield":2781,"minecraft:drop":255,"vampirism:interact_with_totem":12,"minecraft:talked_to_villager":16,"minecraft:play_time":557725,"minecraft:deaths":5,"minecraft:jump":11692,"minecraft:walk_on_water_one_cm":133299,"vampirism:interact_with_blood_grinder":3,"vampirism:altar_of_inspiration_rituals_performed":2,"minecraft:interact_with_furnace":38,"vampirism:interact_with_research_table":6,"minecraft:interact_with_cartography_table":1,"minecraft:interact_with_loom":19,"minecraft:sleep_in_bed":4,"minecraft:waystone_activated":4,"minecraft:damage_dealt":49052,"minecraft:crouch_one_cm":89584,"minecraft:interact_with_smoker":22,"minecraft:interact_with_anvil":5,"minecraft:mob_kills":218,"minecraft:damage_dealt_resisted":1389,"vampirism:interact_alchemical_cauldron":1,"minecraft:climb_one_cm":4142,"vampirism:amount_bitten":1,"minecraft:walk_one_cm":979528,"vampirism:skills_unlocked":2,"minecraft:damage_dealt_absorbed":360,"minecraft:sneak_time":39713,"minecraft:walk_under_water_one_cm":195878,"minecraft:boat_one_cm":20,"minecraft:interact_with_blast_furnace":3,"minecraft:total_world_time":557725,"vampirism:blood_drunk":100,"minecraft:interact_with_stonecutter":10,"minecraft:time_since_rest":174239,"minecraft:damage_absorbed":26,"minecraft:damage_taken":210934,"minecraft:trigger_trapped_chest":4,"minecraft:swim_one_cm":1016077,"minecraft:fly_one_cm":2124675,"minecraft:open_chest":244,"minecraft:fall_one_cm":336912},"minecraft:used":{"minecraft:iron_shovel":406,"minecraft:chest":4,"minecraft:shield":52,"minecraft:iron_sword":390,"minecraft:rotten_flesh":1,"minecraft:iron_chestplate":1,"alexscaves:caramel":3,"minecraft:obsidian":6,"minecraft:milk_bucket":3,"vampirism:item_tent":3,"minecraft:lava_bucket":28,"minecraft:iron_helmet":1,"minecraft:stone_brick_stairs":33,"minecraft:stone_bricks":144,"minecraft:magma_block":5,"minecraft:hay_block":1,"minecraft:furnace":2,"minecraft:gold_block":1,"minecraft:potato":8,"minecraft:diorite":17,"minecraft:oak_planks":577,"minecraft:stone_pickaxe":53,"minecraft:sugar_cane":10,"minecraft:wooden_pickaxe":16,"minecraft:golden_apple":1,"alexscaves:cave_book":18,"minecraft:blast_furnace":1,"minecraft:dripstone_block":1,"waystones:waystone":3,"sophisticatedbackpacks:backpack":1,"easy_hammers:diamond_hammer":433,"minecraft:bread":199,"alexscaves:candy_cane":3,"vampirism:dark_stone_bricks":2,"minecraft:diamond_sword":561,"alexscaves:peppermint_powder":2,"vampirism:altar_cleansing":1,"minecraft:andesite":6,"minecraft:oak_boat":6,"minecraft:oak_trapdoor":2,"minecraft:cobweb":1,"minecraft:flint_and_steel":53,"minecraft:cooked_salmon":10,"minecraft:cooked_chicken":1,"minecraft:stone_hoe":41,"minecraft:netherrack":1,"minecraft:oak_door":23,"minecraft:torch":4,"minecraft:dirt":68,"artifacts:onion_ring":1,"minecraft:oak_fence_gate":1,"alexscaves:block_of_chocolate":28,"minecraft:iron_axe":441,"easy_hammers:iron_hammer":246,"minecraft:iron_boots":1,"minecraft:barrel":7,"minecraft:diamond_chestplate":2,"alexscaves:spelunkery_table":1,"minecraft:golden_carrot":10,"minecraft:cooked_beef":1,"minecraft:cobbled_deepslate":713,"minecraft:calcite":1,"minecraft:cooked_mutton":1,"minecraft:water_bucket":134,"minecraft:amethyst_block":8,"minecraft:baked_potato":2,"alexscaves:rock_candy_yellow":1,"minecraft:stonecutter":1,"minecraft:salmon":1,"minecraft:oak_slab":111,"minecraft:crafting_table":20,"minecraft:white_bed":2,"minecraft:spruce_log":5,"minecraft:cake":1,"minecraft:smoker":4,"minecraft:oak_log":85,"minecraft:diamond_pickaxe":820,"minecraft:wooden_hoe":15,"minecraft:iron_pickaxe":250,"minecraft:stone_axe":258,"minecraft:cobblestone":181,"minecraft:porkchop":1,"alexscaves:cake_layer":1,"minecraft:cooked_porkchop":4,"minecraft:bucket":163,"minecraft:glass_pane":56,"minecraft:yellow_bed":3,"alexsmobs:animal_dictionary":2,"minecraft:diamond_leggings":1},"minecraft:mined":{"minecraft:large_amethyst_bud":1,"minecraft:spruce_planks":1,"minecraft:white_bed":2,"minecraft:obsidian":2,"minecraft:granite":20,"minecraft:budding_amethyst":2,"minecraft:grass_block":194,"minecraft:coal_block":1,"alexscaves:sundrop":1,"minecraft:spawner":9,"minecraft:magma_block":7,"minecraft:iron_ore":15,"minecraft:barrel":1,"minecraft:cobbled_deepslate":94,"minecraft:fire":44,"minecraft:deepslate_lapis_ore":1,"vampirism:tent":2,"alexscaves:gingerbread_block":1,"minecraft:pointed_dripstone":1,"minecraft:dirt_path":1,"minecraft:oak_stairs":2,"alexscaves:rock_candy_yellow":1,"alexscaves:stripped_candy_cane_block":1,"minecraft:deepslate_redstone_ore":2,"minecraft:medium_amethyst_bud":1,"minecraft:smoker":5,"minecraft:amethyst_cluster":1,"minecraft:powder_snow":8,"alexscaves:large_peppermint":1,"minecraft:blast_furnace":1,"minecraft:calcite":5,"minecraft:chest":1,"minecraft:nether_quartz_ore":12,"minecraft:cobblestone":32,"minecraft:oak_planks":145,"minecraft:sugar_cane":19,"minecraft:amethyst_block":9,"alexscaves:cake_layer":4,"minecraft:pink_petals":1,"minecraft:tnt":4,"minecraft:stone_brick_stairs":17,"minecraft:smooth_stone_slab":1,"minecraft:grass":78,"minecraft:oak_log":297,"minecraft:oak_fence_gate":1,"vampirism:garlic_diffuser_improved":2,"minecraft:sand":39,"minecraft:dirt":186,"minecraft:smooth_basalt":5,"minecraft:netherrack":16,"minecraft:oak_leaves":50,"minecraft:deepslate":771,"minecraft:infested_deepslate":1,"alexscaves:small_peppermint":1,"vampirism:dark_stone_bricks":2,"minecraft:diamond_ore":2,"alexscaves:spelunkery_table":1,"minecraft:tuff":66,"iceandfire:silver_ore":1,"minecraft:mossy_cobblestone":1,"minecraft:deepslate_diamond_ore":35,"minecraft:candle":1,"minecraft:oak_door":14,"gravestone:gravestone":5,"minecraft:spruce_fence":2,"minecraft:hay_block":59,"minecraft:furnace":1,"minecraft:andesite":9,"minecraft:gold_block":4,"minecraft:bookshelf":2,"minecraft:deepslate_iron_ore":11,"minecraft:vine":1,"minecraft:stripped_oak_log":4,"minecraft:stone":473,"minecraft:oak_slab":34,"minecraft:glass_pane":4,"alexscaves:lollipop_bunch":1,"vampirism:altar_cleansing":2,"vampirism:tent_main":1,"minecraft:oak_fence":1,"minecraft:crafting_table":15,"minecraft:emerald_ore":2,"alexscaves:licoroot_vine":4,"minecraft:copper_ore":4,"minecraft:tall_grass":8,"minecraft:deepslate_gold_ore":2,"minecraft:diorite":64,"alexscaves:block_of_frosted_chocolate":17,"alexscaves:wafer_cookie_block":3,"minecraft:spruce_log":7,"minecraft:birch_leaves":5,"minecraft:yellow_bed":3,"minecraft:coal_ore":19,"minecraft:gravel":25,"minecraft:dripstone_block":4,"minecraft:cobweb":5,"alexscaves:candy_cane":2,"alexscaves:wafer_cookie_wall":4,"alexscaves:block_of_chocolate":10,"minecraft:stone_bricks":12,"minecraft:deepslate_emerald_ore":1},"minecraft:broken":{"minecraft:iron_shovel":1,"minecraft:golden_leggings":1,"easy_hammers:iron_hammer":1,"minecraft:stone_axe":2,"minecraft:iron_sword":1,"minecraft:shield":1,"minecraft:iron_axe":1,"minecraft:iron_pickaxe":1},"minecraft:dropped":{"iceandfire:raw_silver":3,"minecraft:candle":1,"minecraft:porkchop":3,"minecraft:cooked_beef":1,"minecraft:oak_log":30,"vampirism:human_heart":1,"minecraft:crafting_table":1,"minecraft:cooked_porkchop":5,"vampirism:garlic_diffuser_improved":1,"minecraft:leather":1,"artifacts:universal_attractor":1,"minecraft:flint":1,"alexscaves:peppermint_powder":2,"minecraft:dirt":84,"minecraft:mutton":5,"artifacts:charm_of_sinking":1,"gravestone:obituary":6,"alexscaves:cave_map":1,"minecraft:sand":38,"minecraft:white_wool":1,"minecraft:bone":17,"minecraft:oak_door":2,"minecraft:gravel":18,"minecraft:stone_axe":1,"minecraft:sugar_cane":1,"alexscaves:gingerbread_crumbs":10,"alexsmobs:animal_dictionary":1,"minecraft:cobbled_deepslate":2115,"vampirism:holy_water_bottle_normal":1,"minecraft:obsidian":8,"minecraft:birch_sapling":1,"alexscaves:block_of_chocolate":6,"minecraft:pointed_dripstone":3,"minecraft:rotten_flesh":23,"minecraft:oak_planks":54,"vampirism:blood_bottle":6,"minecraft:azure_bluet":2,"minecraft:poppy":6,"minecraft:oak_fence_gate":1,"minecraft:gunpowder":5,"vampirism:vampire_fang":4,"artifacts:helium_flamingo":1,"minecraft:arrow":6,"minecraft:beef":15,"minecraft:quartz":12,"vampirism:pure_salt_water":1,"minecraft:netherrack":15,"minecraft:stone_hoe":1,"easy_hammers:diamond_hammer":1,"minecraft:iron_ingot":15,"minecraft:bread":30,"vampirism:armor_of_swiftness_feet_ultimate":1,"minecraft:wheat_seeds":7,"vampirism:vampire_book":1,"minecraft:dripstone_block":1,"vampirism:dark_stone_bricks":1,"minecraft:cobblestone":511,"minecraft:prismarine_crystals":2,"minecraft:amethyst_block":10,"minecraft:granite":65,"alexscaves:licoroot_vine":4,"alexsmobs:raw_catfish":3,"minecraft:stick":4,"minecraft:cobweb":2,"minecraft:diorite":59,"minecraft:wooden_hoe":1,"minecraft:oak_stairs":2,"vampirism:ring":1,"minecraft:iron_shovel":2,"minecraft:string":12,"minecraft:pink_petals":3,"minecraft:redstone":9,"minecraft:smooth_basalt":4,"minecraft:furnace":1,"alexsmobs:maggot":2,"minecraft:raw_copper":57,"vampirism:obi_belt":3,"minecraft:tuff":190,"minecraft:raw_iron":11,"minecraft:smoker":2,"vampirism:heart_striker_enhanced":1,"minecraft:spruce_fence":1,"minecraft:flint_and_steel":1,"minecraft:filled_map":3,"alexscaves:wafer_cookie_wall":1,"minecraft:potato":1,"alexscaves:chocolate_ice_cream_scoop":1,"minecraft:andesite":11,"minecraft:oak_sapling":2,"alexscaves:sweetish_fish_green":1,"minecraft:spider_eye":3,"minecraft:stone_pickaxe":1,"minecraft:wooden_pickaxe":2,"minecraft:raw_gold":1,"minecraft:calcite":8,"minecraft:magma_block":1},"minecraft:crafted":{"minecraft:oak_planks":700,"easy_hammers:iron_hammer":1,"minecraft:barrel":6,"minecraft:stone":151,"minecraft:glass":19,"minecraft:diamond_leggings":1,"minecraft:iron_boots":1,"minecraft:chest":4,"minecraft:stone_hoe":1,"minecraft:oak_slab":96,"sophisticatedbackpacks:backpack":2,"minecraft:cooked_porkchop":7,"minecraft:crafting_table":8,"minecraft:spruce_planks":8,"minecraft:iron_helmet":1,"minecraft:wooden_pickaxe":2,"minecraft:baked_potato":2,"minecraft:stone_brick_stairs":8,"minecraft:paper":15,"minecraft:wooden_hoe":1,"minecraft:diamond_pickaxe":1,"minecraft:stick":48,"minecraft:iron_pickaxe":1,"minecraft:iron_ingot":84,"minecraft:gold_ingot":27,"minecraft:cherry_planks":8,"minecraft:oak_door":6,"minecraft:coal":9,"minecraft:furnace":2,"alexscaves:cave_map":3,"minecraft:oak_trapdoor":2,"minecraft:glass_pane":48,"minecraft:flint_and_steel":1,"minecraft:iron_axe":2,"minecraft:stone_pickaxe":2,"minecraft:wheat":522,"minecraft:cooked_beef":2,"easy_hammers:diamond_hammer":1,"minecraft:diamond_sword":1,"minecraft:iron_sword":1,"minecraft:cooked_salmon":12,"minecraft:bucket":1,"minecraft:stone_axe":3,"minecraft:bread":174,"minecraft:air":0,"minecraft:blue_dye":1,"minecraft:oak_fence_gate":1,"minecraft:oak_boat":1,"minecraft:iron_shovel":2,"minecraft:stonecutter":1,"minecraft:torch":4,"minecraft:diamond_chestplate":1},"minecraft:killed":{"vampirism:vampire":16,"minecraft:cave_spider":2,"minecraft:witch":1,"vampirism:advanced_vampire":3,"minecraft:spider":13,"vampirism:advanced_hunter_imob":1,"minecraft:skeleton":26,"minecraft:silverfish":1,"alexscaves:candicorn":2,"artifacts:mimic":5,"minecraft:pig":6,"minecraft:zombie_villager":1,"minecraft:iron_golem":2,"minecraft:creeper":8,"alexscaves:gingerbread_man":5,"vampirism:hunter":1,"minecraft:sheep":2,"alexscaves:caramel_cube":6,"minecraft:trader_llama":2,"alexscaves:caniac":3,"minecraft:zombie":41,"alexsmobs:terrapin":4,"alexsmobs:fly":1,"minecraft:cow":9,"alexscaves:gumbeeper":2,"minecraft:phantom":9,"minecraft:horse":1,"iceandfire:siren":1,"vampirism:hunter_imob":2,"alexscaves:gummy_bear":1,"minecraft:drowned":16,"iceandfire:troll":1,"minecraft:wandering_trader":1,"vampirism:vampire_imob":1,"alexsmobs:catfish":1,"alexsmobs:crocodile":1,"iceandfire:ghost":3,"minecraft:enderman":3}},"DataVersion":3465}